consumerNum,consumerName,consumerCat,consumerStage,resourceNum,resourceName,resourceCat,resourceStage,interaction.type,,justification,incl.code,link.ID,ref_num,localities,zone,pools_exposed_interstitial,MorrisHaderlie,epibiota_consumed
328,Doriopsilla albopunctata,Nudibranch,1,66,Cliona celata,Sponge,1,3,,,,,MAH,,,pools,y,
306,Tylodina fungina,Nudibranch,1,64,Aplysina fistularis,Sponge,1,3,,,,,MAH,,,pools,y,
326,Diaulula sandiegensis,Nudibranch,1,70,3,Sponge,1,3,,,,,MAH,,,pools,y,
312,Cadlina luteomarginata,Nudibranch,1,71,Higginsia sp.,Sponge,1,3,,,,,MAH,,,pools,y,
319,Rostanga pulchra,Nudibranch,1,77,Ophlitaspongia pennata,Sponge,1,3,,,,,MAH,,,pools,y,
320,Aldisa sanguinea,Nudibranch,1,77,Ophlitaspongia pennata,Sponge,1,3,,,,,MAH,,,pools,y,
317,Hypselodoris californiensis,Nudibranch,1,77,Ophlitaspongia pennata,Sponge,1,3,,,,,MAH,,,pools,y,
88,Sertularia furcata,Hydroid,1,608,Phyllospadix torreyi,Surfgrass,1,2,,,,,MAH,,,pools,y,
88,Sertularia furcata,Hydroid,1,609,Phyllospadix scouleri,Surfgrass,1,2,,,,,MAH,,,pools,y,
,Dendronotus subramosus,Nudibranch,1,91,Aglaophenia struthionides,Hydroid,1,2,,,,,MAH,,,pools,y,
,Aeolidia loui ,Nudibranch,1,102,Epiactis prolifera,Anemone,1,1,,,,,MAH,,,pools,y,
144,Dermasterias imbricata,Seastar,1,102,Epiactis prolifera,Anemone,1,1,,,,,MAH,,,pools,y,
112,Imogine tripartitus,Flatworm,1,467,Paraconcavus pacificus,Barnacle,1,1,,,,,MAH,,,both,y,
114,Notoplana acticola,Flatworm,1,319,Rostanga pulchra,Nudibranch,1,1,,,,,MAH,,,both,y,
114,Notoplana acticola,Flatworm,1,199,Lottia digitalis,Limpet,1,1,,,,,MAH,,,both,y,
114,Notoplana acticola,Flatworm,1,,Balanus sp.,Barnacle,SMALL??,1,,,,,MAH,,,both,y,
3,Gibbonsia elegans,Fish,1,475,Cirolana harfordi,isopod,1,1,,3,,,RIZ Lit Search: 7,Los Angeles,,,,
3,Gibbonsia elegans,Fish,1,,Idotea rectilinea,isopod,1,1,,3,,,RIZ Lit Search: 7,Los Angeles,,,,
3,Gibbonsia elegans,Fish,1,,Pentidotea wosnesenskii,isopod,1,1,,3,,,RIZ Lit Search: 7,Los Angeles,,,,
3,Gibbonsia elegans,Fish,1,,Pentidotea resecata,isopod,1,1,,3,,,RIZ Lit Search: 7,Los Angeles,,,,
3,Gibbonsia elegans,Fish,1,,Spirontocaris picta,shrimp,1,1,,3,,,RIZ Lit Search: 7,Los Angeles,,,,
3,Gibbonsia elegans,Fish,1,,Crangon sp. ,shrimp,1,1,,3,,,RIZ Lit Search: 7,Los Angeles,,,,
3,Gibbonsia elegans,Fish,1,,Lophopanopeus frontalis,crab,1,1,,3,3,,RIZ Lit Search: 7,Los Angeles,,,,
3,Gibbonsia elegans,Fish,1,,Pagurus sp. ,hermit crab,1,1,,3,,,RIZ Lit Search: 7,Los Angeles,,,,
3,Gibbonsia elegans,Fish,1,430,Platynereis bicanaliculata,polychaete,1,1,,3,,,RIZ Lit Search: 7,Los Angeles,,,,
3,Gibbonsia elegans,Fish,1,609,Protohyale frequens,amphipod,1,1,,3,,,RIZ Lit Search: 7,Los Angeles,,,,
3,Gibbonsia elegans,Fish,1,,Fissurella volcano,limpet,1,1,,3,,,RIZ Lit Search: 7,Los Angeles,,,,
3,Gibbonsia elegans,Fish,1,,Acemea cona,limpet,1,1,,3,,,RIZ Lit Search: 7,Los Angeles,,,,
3,Gibbonsia elegans,Fish,1,,Barlecia bentleyi,,1,1,,3,,,RIZ Lit Search: 7,Los Angeles,,,,
2,Gibbonsia metzi ,Fish,1,,Eurystheus tenuicornis,,1,1,,3,,,RIZ Lit Search: 7,Los Angeles,,,,
2,Gibbonsia metzi ,Fish,1,,Hayle frequens,amphipod,1,1,,3,,,RIZ Lit Search: 7,Los Angeles,,,,
2,Gibbonsia metzi ,Fish,1,,Amphitihoe sp. ,amphipod,1,1,,3,,,RIZ Lit Search: 7,Los Angeles,,,,
2,Gibbonsia metzi ,Fish,1,,Pentidotea rescata,isopod,1,1,,3,,,RIZ Lit Search: 7,Los Angeles,,,,
2,Gibbonsia metzi ,Fish,1,,Pentidotea aculeata,isopod,1,1,,3,,,RIZ Lit Search: 7,Los Angeles,,,,
2,Gibbonsia metzi ,Fish,1,,Idotea rectilinea,isopod,1,1,,3,,,RIZ Lit Search: 7,Los Angeles,,,,
2,Gibbonsia metzi ,Fish,1,,Heptacarpus paludicola,shrimp,1,1,,3,,,RIZ Lit Search: 7,Los Angeles,,,,
2,Gibbonsia metzi ,Fish,1,,Pagurus samuelis,hermit crab,1,1,,3,,,RIZ Lit Search: 7,Los Angeles,,,,
2,Gibbonsia metzi ,Fish,1,,Mimulus foliatus,crab,1,1,,3,,,RIZ Lit Search: 7,Los Angeles,,,,
2,Gibbonsia metzi ,Fish,1,,Pugettia gracilis,crab,1,1,,3,,,RIZ Lit Search: 7,Los Angeles,,,,
2,Gibbonsia metzi ,Fish,1,,Platynereis agassizi,polychaete,1,1,,3,,,RIZ Lit Search: 7,Los Angeles,,,,
3,Gibbonsia elegans,Fish,1,,Sphaeromyxa gibbonsia,myxozoan,1,24,,3,,,RIZ Lit Search: 8,,,,,
3,Gibbonsia elegans,Fish,1,,Podocyte gibbonsia,,1,24,,3,,,RIZ Lit Search: 9,,,,,
2,Gibbonsia metzi ,Fish,1,,Leptotheca sphaerula,,1,24,,3,,,RIZ Lit Search: 8,,,,,
72,Dermasterias Imbricata,Sea star,1,101,Anthopleura elegantissima,anemone,1,1,,3,,,RIZ Lit Search: 6,,,,,
358,Aeolidia loui ,Nudibranch,1,101,Anthopleura elegantissima,anemone,1,1,,3,,,,,,,,
56,Anthopleura sola,anemone,1,40,Aplysia californica,sea hare,1,1,,3,,,RIZ Lit Search: 1,,,,,
57,Anthopleura xanthogrammica,anemone,1,40,Aplysia californica,sea hare,1,1,,3,,,RIZ Lit Search: 2,,,,,
124,Paranemertes peregrina,Nemertean,1,430,Platynereis bicanaliculata,,1,,,,,,,,, ,y,
4,Hypsoblennius gilberti,Fish,1,NA,Colidoteu rostruta,isopod,1,1,,3,,,RIZ Lit Search: 10,,,,,
16,Clinocottus analis ,Fish,1,NA,Colidoteu rostruta,isopod,1,1,,3,,,RIZ Lit Search: 10,,,,,
583,Amyloodinium ocellatum,dinoflagellate,1?,4,Hypsoblennius gilberti ,fish,1,7,,3,,,RIZ Lit Search: 11,,,,,
4,Hypsoblennius gilberti,Fish,1,3,Gibbonsia elegans,fish,1,9,,3,,,,,,,,
144,Dermasterias imbricata,seastar,1,110,Corynactis californica,anemone,1,1,,3,,,RIZ Lit Search: 14,,,,,
144,Dermasterias imbricata,seastar,1,"55, 113",Anthopleura elegantissima,anemone,1,1,,3,,,RIZ Lit Search: 14,,,,,
144,Dermasterias imbricata,seastar,1,NA,Urticina piscivora,anemone ,1,1,,3,,,RIZ Lit Search: 15,,,,,
144,Dermasterias imbricata,seastar,1,NA,Psolus chitonoides,sea cucumber,1,1,,3,,,RIZ Lit Search: 16,,,,,
144,Dermasterias imbricata,seastar,1,147,Solaster dawsonii,seastar,1,9,,3,,,RIZ Lit Search: 17,,,,,
144,Dermasterias imbricata,seastar,1,157,Eupentacta quinquesemita,sea cucumber,1,1,,3,,,RIZ Lit Search: 18,,,,,
145,Patiria miniata,seastar,1,NA,Tubulipora spp. ,bryozoan,1?,1,,3,,,RIZ Lit Search: 20,,,,,
145,Patiria miniata,seastar,1,NA,Lytechinus anamesus,sea urchin,1,1,,3,,,RIZ Lit Search: 21,,,,,
145,Patiria miniata,seastar,1,NA,Phaeophyta algae,algae,1?,3,,3,,,RIZ Lit Search: 23,,,,,
145,Patiria miniata,seastar,1,NA,Chlorophyta algae,algae,1?,3,,3,,,RIZ Lit Search: 23,,,,,
582,Orchitophyra stellarum,ciliate,1,145,Patiria miniata,seastar,1,4,,3,,,RIZ Lit Search: 24,,,,,
582,Orchitophyra stellarum,ciliate,1,151,Pisaster ochraceus,seastar,1,4,,3,,,RIZ Lit Search: 24/25/26/29/37,,,,,
150,Pisaster ochraceus,seastar,1,367,Mytilus californianus,bivalve,1,1,,3,,,RIZ Lit Search: 28,,,,,
582,Orchitophrya stellarum,ciliate,1,149,Leptasterias pusilla,seastar,1,1,,3,,,RIZ Lit Search: 29,,,,,
150,Pisaster ochraceus,seastar,1,150,Leptasterias hexactis,seastar,1,1,,3,,,,,,,,
150,Pisaster ochraceus,seastar,3,NA,Chaetoceros calcitrans,phytoplankton,1,1,,3,,,RIZ Lit Search: 30,,,,,
150,Pisaster ochraceus,seastar,3,NA,Dunaliella tertiolecta,phtyoplankton,1,1,,3,,,RIZ Lit Search: 30,,,,,
150,Pisaster ochraceus,seastar,3,NA,Isochrysis galbana,phtyoplankton,1,1,,3,,,RIZ Lit Search: 30,,,,,
150,Pisaster ochraceus,seastar,1,464,Balanus glandula,barnacle,1,1,,3,,,RIZ Lit Search: 27,,,,,
150,Pisaster ochraceus,seastar,1,458,Tetraclita rubescens,barnacle,1,1,,3,,,RIZ Lit Search: 27,,,,,
150,Pisaster ochraceus,seastar,1,237,Tegula funebralis,snail,1,1,,3,,,RIZ Lit Search: 27,,,,,
150,Pisaster ochraceus,seastar,1,210,Lottia scabra,limpet,1,1,,3,,,RIZ Lit Search: 27,,,,,
150,Pisaster ochraceus,seastar,1,455,Pollicipes polymerus,barnacle,1,1,,3,,,RIZ Lit Search: 27,,,,,
150,Pisaster ochraceus,seastar,1,411,Mopalia muscosa,chiton,1,1,,3,,,RIZ Lit Search: 27,,,,,
150,Pisaster ochraceus,seastar,1,230,Haliotis cracherodii,abalone,1,1,,3,,,RIZ Lit Search: 27,,,,,
150,Pisaster ochraceus,seastar,1,284,Nucella emarginata,snail,1,1,,3,,,RIZ Lit Search: 27,,,,,
150,Pisaster ochraceus,seastar,1,471,Balanus nubilis,barnacle,1,1,,3,,,RIZ Lit Search: 27,,,,,
150,Pisaster ochraceus,seastar,1,NA,Spirorbis sp. ,polychaete,1,1,,3,,,,,,,,
154,Pisaster brevispinus,seastar,1,NA,Tresus nuttallii,clam,1,1,,3,,,RIZ Lit Search: 33,,,,,
151,Pisaster ochraceus,seastar,1,NA,Stellarchytrium dubum,ciliate,1,"parasite, unsure what kind",,3,,,RIZ Lit Search: 34,,,,,
151,Pisaster ochraceus,seastar,1,NA,Aplanochytrium blankum,ciliate,1,"parasite, unsure what kind",,3,,,RIZ Lit Search: 34,,,,,
151,Pisaster ochraceus,seastar,1,NA,Oblongichytrium porteri,ciliate,1,"parasite, unsure what kind",,3,,,RIZ Lit Search: 34,,,,,
147,Solaster dawsonii,seastar,1,151,Pisaster ochraceus,seastar,1,1,,3,,,RIZ Lit Search: 17,,,,,
147,Solaster dawsonii,seastar,1,154,Pisaster brevispinus,seastar,1,1,,3,,,RIZ Lit Search: 17,,,,,
147,Solaster dawsonii,seastar,1,NA,Mediaster aequalis,seastar,1,1,,3,,,RIZ Lit Search: 38,,,,,
147,Solaster dawsonii,seastar,1,NA,Crossaster papposus,seastar,1,1,,3,,,RIZ Lit Search: 38,,,,,
147,Solaster dawsonii,seastar,1,NA,Ptilosarcus gurneyi,sea pen,1,1,,3,,,RIZ Lit Search: 38,,,,,
144,Dermasterias imbricata,seastar,1,NA,Ptilosarcus gurneyi,sea pen,1,1,,3,,,RIZ Lit Search: 38,,,,,
147,Solaster dawsonii,seastar,1,160,Parastichopus californicus,sea cucumber,juvenile,1,,3,,,RIZ Lit Search: 39,,,,,
424,Arctonoe vittata,polychaete,1?,147,Solaster dawsonii,seastar,1,9,,3,,,RIZ Lit Search: 41,,,,,
424,Arctonoe vittata,polychaete,1?,144,Dermasterias imbricata,seastar,1,9,,3,,,RIZ Lit Search: 41,,,,,
105,Tealia crassicornis,anemone,1,NA,Neptunea pribiloffensis,snail,2,10 or 22 ( not confirmed ),,3,,,RIZ Lit Search: 42,,,,,
584,Foettingeria actiniarum,ciliate,1,105,Urticina crassicornis,anemone,1,10,,3,,,RIZ Lit Search: 45,,,,,
7,Micrometrus minimus,fish,1,,Pentidotea aculeata,isopod,1,1,,3,,,RIZ Lit Search: 7,,,,,
7,Micrometrus minimus,fish,1,,Idothea rectilinea,isopod,1,1,,3,,,RIZ Lit Search: 7,,,,,
7,Micrometrus minimus,fish,1,,Allorchestes sp. ,amphipod,1,1,,3,,,RIZ Lit Search: 7,,,,,
7,Micrometrus minimus,fish,1,,Acmea scabra,,1,1,,3,,,RIZ Lit Search: 7,,,,,
7,Micrometrus minimus,fish,1,,Barlecia bentleyi,,1,1,,3,,,RIZ Lit Search: 7,,,,,
7,Micrometrus minimus,fish,1,,Platynereis agassizi,polycheate,1,1,,3,,,RIZ Lit Search: 7,,,,,
7,Micrometrus minimus,fish,1,,Cirolana harfordi,isopod,1,1,,3,,,RIZ Lit Search: 7,,,,,
7,Micrometrus minimus,fish,1,,Hayle frequens,amphipod,1,1,,3,,,RIZ Lit Search: 7,,,,,
7,Micrometrus minimus,fish,1,,Marphysa sanguinea,polycheate,1,1,,3,,,RIZ Lit Search: 7,,,,,
586,Postmonorchis donacis,trematode,1,7,Micrometrus minimus,fish,1,6,,3,,,RIZ Lit Search: 48/49,,,,,
NA,Asterias vulgaris,seastar,1,161,Ophiopolus aculeata,brittle star,1,1,,3,,,RIZ Lit Search: 50,,,,,
NA,Strongylocentrotus droebachiensis,urchin,1,161,Ophiopolus aculeata,brittle star,1,1,,3,,,RIZ Lit Search: 50,,,,,
NA,Leptasterias polaris,seastar,1,161,Ophiopolus aculeata,brittle star,1,1,,3,,,RIZ Lit Search: 52,,,,,
NA,Eulima bilineata,snail,1,161,Ophiopolus aculeata,brittle star,1,"parasite, unsure which kind",,3,,,RIZ Lit Search: 53/54,,,,,
NA,Homarus americanus,decapod,immature/juvinile,161,Ophiopolus aculeata,brittle star,1,1,,3,,,RIZ Lit Search: 55,,,,,
585,Haplosporidium malacobdellae,,1,127,Malacobdella grossa,ribbon worm,1,5,,3,,,"MAH, 57",,,,,
NA,Gadus morhua,fish,1,161,Ophiopolus aculeata,brittle star,1,1,,3,,,RIZ Lit Search: 56,,,,,
127,Malacobdella grossa,ribbon worm,1,NA,Macoma seta,,,,,,,,,,,,,
127,Malacobdella grossa,ribbon worm,1,NA,Macoma nasuta,,,,,,,,,,,,,
127,Malacobdella grossa,ribbon worm,1,NA,Siliqua patula,,,,,,,,,,,,,
127,Malacobdella grossa,ribbon worm,1,NA,Tresus nuttallii,,,,,,,,,,,,,
NA,Philichthys amphiurae,,1,161,Amphipholis squamata,brittle star,2,4?,,3,,,RIZ Lit search: 61,,,,,
NA,Carcinus maenas,decapod,1,161,Amphipholis squamata,brittle star,1,1,,3,,,RIZ Lit search: 63,,,,,
NA,Ophiactis savignyi,brittle star,juvinile,161,Amphipholis squamata,brittle star,1,10,,3,,,RIZ Lit search: 64,,,,,
NA,Ophiothrix angulata,brittle star,juvinile,161,Amphipholis squamata,brittle star,1,10,,3,,,RIZ Lit search: 64,,,,,
168,Strongylocentrotus purpuratus,urchin,1,NA,Iridophycus flaccidum,algae,1,3,,3,,,RIZ lit search: 66,,,,,
168,Strongylocentrotus purpuratus,urchin,1,NA,Phyllospadix. sp,sea grass,1,3,,3,,,RIZ lit search: 66,,,,,
168,Strongylocentrotus purpuratus,urchin,1,NA,Caltiarthron tuberculosurn,coralline algae,1,3,,3,,,RIZ lit search: 67,,,,,
168,Strongylocentrotus purpuratus,urchin,1,NA,Caltiarthron cheilosporioides,coralline algae,1,3,,3,,,RIZ lit search: 67,,,,,
168,Strongylocentrotus purpuratus,urchin,1,NA,Bossietla californica ssp. schmittii,coralline algae,1,3,,3,,,RIZ lit search: 67,,,,,
,Pycnopodia helianthoides,seastar,1,168,Strongylocentrotus purpuratus,Sea urchin,1,1,,3,,,RIZ lit search: 67,,,,,
,Enhydra lutris,marine mammal,1,168,Strongylocentrotus purpuratus,Sea urchin,1,1,,3,,,RIZ lit search: 67,,,,,
144,Dermasterias imbricata,sea star,1,168,Strongylocentrotus purpuratus,Sea urchin,1,1,,3,,,RIZ lit search: 68,,,,,
NA,Panulirus interruptus,lobster,1,168,Strongylocentrotus purpuratus,sea urchin,1,1,,3,,,RIZ lit search: 65,,,,,
335,Okenia rosacea,nudibranch,1,134,Integripelta bilabiata,Bryozoan,1,3,,3,,,MAH,,,,,
,Holoplana californica,flatworm,1,136,Celleporariae brunnea,bryozoan,1,1,,3,,,MAH,,,both,,
137,Crisulipora occidentalis,bryozoan,1,366,Mytilus californianus,bivalve,1,2,,3,,,MAH,,,exposed,y,
137,Crisulipora occidentalis,bryozoan,1,367,Mytilus edulis,bivalve,1,2,,3,,,MAH,,,exposed,y,
135,Costazia robertsoniae,bryozoan,1,587,Macrocystis pyrifera,algae,1,2,,3,,,MAH,,,pools,y,
143,Dermasterias imbricata,sea star,1,101,Anthopleura elegantissima,anemone,1,1,,3,,,MAH,,,pools,y,
143,Dermasterias imbricata,sea star,1,99,Anthopleura xanthogrammatica,anemone,1,1,,3,,,MAH,,,pools,y,
147,Astrometis sertulifera,sea star,1,163,Ophiothrix spiculata,brittle star,1,1,,3,,,MAH,,,pools,y,
148,Leptasterias pusilla,sea star,1,NA,Pseudodiala acuta,snail,1,1,,3,,,MAH,,,pools,y,
151,Pisaster giganteus,sea star,1,367,Mytilus edulis,bivalve,1,1,,3,,,MAH,,,pools,y,
151,Pisaster giganteus,sea star,1,366,Mytilus californianus,bivalve,1,1,,3,,,MAH,,,pools,y,
151,Pisaster giganteus,sea star,1,287,Kelletia kelletii,snail,1,1,,3,,,MAH,,,pools,y,
151,Pisaster giganteus,sea star,1,368,Mytilisepta bifurcata,bivalve,1,1,,3,,,MAH,,,pools,y,
151,Pisaster giganteus,sea star,1,284,Nucella emarginata,snail,1,1,,3,,,MAH,,,pools,y,
151,Pisaster giganteus,sea star,1,282,Acanthina spirata,snail,1,1,,3,,,MAH,,,pools,y,
151,Pisaster giganteus,sea star,1,237,Tegula funebralis,snail,1,1,,3,,,MAH,,,pools,y,
151,Pisaster giganteus,sea star,1,409,Nuttallina californica,chiton,1,1,,3,,,MAH,,,pools,y,
151,Pisaster giganteus,sea star,1,436,Phragmatopoma californica,polychaete,1,1,,3,,,MAH,,,pools,y,
149,Leptasterias hexactis,sea star,1,156,Eupentacta quinquesemita,sea cucumber,1,1,,3,,,MAH,,,pools,y,
588,Rhopalura ophiocomae,orthonectid,1,162,Amphipholus pugetana,brittle star,1,4,,3,,,MAH,,low,pools,y,
168,Strongylocentrotus purpuratus,sea urchin,1,587,Macrocystis pyrifera,algae,1,1,,3,,,MAH,,low,pools,y,
15,Clinocottus analis ,fish,1,508,Betaeus harfordi,crab,1,1,,3,,,RIZ Lit Search: 7,"Los Angeles County, CA",,,,
15,Clinocottus analis ,fish,1,540,Pugettia gracilis,crab,1,1,,3,,,RIZ Lit Search: 8,"Los Angeles County, CA",,,,
15,Clinocottus analis ,fish,1,,Spirontocaris picta,crab,1,1,,3,,,RIZ Lit Search: 9,"Los Angeles County, CA",,,,
15,Clinocottus analis ,fish,1,,Pelotonia spp. ,algae,1,3,,3,,,RIZ Lit Search: 72,"San Mateo, CA.",,,,
15,Clinocottus analis ,fish,1,,Ascarophis morronei **new parasite!,nematode,1,6,,3,,,RIZ Lit Search: 73,"Baja CA, Mexico",,,,
,Deutella californica,Crustacean,1,85,Obelia dichotoma,jelly,,,,,,,,,,,,
15,Clinocottus analis ,fish,1,312,Cadlina luteomarginata,nudibranch,1,1,,3,,,RIZ Lit Search: 75,"Southern CA, ( La Jolla/San Diego/Point Loma)",,,,
15,Clinocottus analis ,fish,1,NA,Trichodina jadranica** new parasite!,ciliate,1,7,,3,,,RIZ Lit Search: 76,"Baja CA, Mexico ",,,,
16,Oligocottus maculosus,fish,1,NA,Artemia salina,shrimp,1,1,,3,,,RIZ Lit Seach: 80,British Columbia,,,,
16,Oligocottus maculosus,fish,1,367,Mytilus edulis,bivalve,1,1,,3,,,RIZ Lit Seach: 81,British Columbia,,,,
589,Syndesmis sp.,flatworm,1,168,Strongylocentrotus purpuratus,Sea urchin,1,10,,3,,,MAH,all,low,pools,y,
590,Syndisyrinx franciscanus,flatworm,1,168,Strongylocentrotus purpuratus,Sea urchin,1,10,,3,,,MAH,all,low,pools,y,
591,Flabesymbios commensalis,polychaete,1,168,Strongylocentrotus purpuratus,Sea urchin,1,10,,3,,,MAH,all,low,pools,y,
495,Colidotea rostrata,isopod,1,168,Strongylocentrotus purpuratus,Sea urchin,1,10,,3,,,MAH,all,low,pools,y,
144,Patiria miniata,sea star,1,170,Aplidium californicum,tunicate,1,1,,3,,,MAH,,middle,pools,y,
143,Dermasterias imbricata,sea star,1,170,Aplidium californicum,tunicate,1,1,,3,,,MAH,,middle,pools,y,
592,Pholeterides furtiva,copepod,1,170,Aplidium californicum,tunicate,1,6,,3,,,MAH,"Puget Sound, WA",middle,pools,y,
503,Polycheria osborni,amphipod,1,170,Aplidium californicum,tunicate,1,9,,3,,,MAH,,middle,pools,y,
130,Bugula neritina,bryozoan,1,170,Aplidium californicum,tunicate,1,9,,3,4,,81,Baja California,middle,pools,,
357,Hermissenda crassicornis,nudibranch,1,171,Aplidium solidum,tunicate,1,1,,3,,,MAH,,middle,pools,y,
145,Patiria miniata,sea star,1,178,Euherdmania claviformis,tunicate,1,1,,3,,,MAH,,low,pools,y,
143,Dermasterias imbricata,sea star,1,179,Didemnum carnulentum,tunicate,1,1,,3,,,MAH,,middle,pools,y,
265,Marsenina stearnsii,snail,1,180,Trididemnum opacum,tunicate,1,27,,3,,,MAH,,low,pools,y,
143,Dermasterias imbricata,sea star,1,183,Archidistoma psammion,tunicate,1,1,,3,,,MAH,,low,pools,y,
145,Patiria miniata,sea star,1,183,Archidistoma psammion,tunicate,1,1,,3,,,MAH,,low,pools,y,
393,Mytilimeria nuttalli,bivalve,1,183,Archidistoma psammion,tunicate,1,2,,3,,,MAH,,low,pools,y,
503,Polycheria osborni,amphipod,1,183,Archidistoma psammion,tunicate,1,2,,3,,,MAH,,,,,
593,Haplostoma minutum,copepod,1,173,Aplidium arenatum,tunicate,1,2,,3,,,"82, MAH",,,,y,
594,Haplosaccus elongatus,,1,173,Aplidium arenatum,tunicate,1,2,,3,,,"82, MAH",,,,y,
595,Haplostomella dubia,,1,173,Aplidium arenatum,tunicate,1,2,,3,,,"82, MAH",,,,y,
596,Haplostomella distincta,,1,173,Aplidium arenatum,tunicate,1,2,,3,,,"82, MAH",,,,y,
597,Haplostomella oceanica,,1,173,Aplidium arenatum,tunicate,1,2,,3,,,"82, MAH",,,,y,
503,Polycheria osborni,amphipod,1,174,Polyclinum planum,tunicate,1,2,,3,,,MAH,,very low,pools,y,
503,Polycheria osborni,amphipod,1,176,Ritterella pulchra,tunicate,1,2,,3,,,MAH,,middle,,y,
393,Mytilimeria nuttalli,bivalve,1,185,Cystodytes lobatus,tunicate,1,2,,3,,,MAH,,very low,,y,
503,Polycheria osborni,amphipod,1,185,Cystodytes lobatus,tunicate,1,2,,3,,,MAH,,very low,,y,
503,Polycheria osborni,amphipod,1,186,Clavelina huntsmani,tunicate,1,2,,3,,,MAH,,low,,,
503,Polycheria osborni,amphipod,1,187,Distaplia occidentalis,tunicate,1,2,,3,,,MAH,,low,,,
81,Bythotiara huntsmani,hydroid,5,189,Ascidia ceratodes,tunicate,1,9,,3,4,,"MAH, 83",British Columbia,middle,pools,y,
150,Pisaster ochraceus,sea star,1,190,Fissurella volcano,limpet,1,1,,3,,,MAH,,low,pools,y,
150,Pisaster ochraceus,sea star,1,191,Fissurella volcano crucifera,limpet,1,1,,3,,,MAH,,low,pools,y,
150,Pisaster ochraceus,sea star,1,195,Diodora aspera,limpet,1,1,,3,,,MAH,,low,both,y,
151,Pisaster giganteus,sea star,1,195,Diodora aspera,limpet,1,1,,3,,,MAH,,low,both,y,
148,Leptasterias pusilla,sea star,1,195,Diodora aspera,limpet,1,1,,3,,,MAH,,all,pools,y,
149,Leptasterias hexactis,sea star,1,195,Diodora aspera,limpet,1,1,,3,,,MAH,,middle,both,y,
60,Orthasterias koehleri,sea star,1,195,Diodora aspera,limpet,1,1,,3,,,MAH,,very low,both,y,
424,Arctonoe vittata,polychaete,1,195,Diodora aspera,limpet,1,9,,3,,,MAH,,low,both,y,
197,Lottia asmi,snail,1,237,Tegula funebralis,snail,1,2,,3,,,MAH,,middle,both,y,
598,Pharcidia balani,fungus,1,199,Lottia digitalis,limpet,1,5,,3,,,MAH,,high,exposed,y,
599,Apohyale grandicornis,amphipod,2,199,Lottia digitalis,limpet,1,9,,3,,,"100, MAH",,high,exposed,y,
566,Pachygrapsus crassipes,crab,1,199,Lottia digitalis,limpet,1,1,,3,,,MAH,,high,exposed,y,
599,Apohyale grandicornis,amphipod,2,203,Lottia limatula,limpet,1,9,,3,,,"100, MAH",Central CA,middle,exposed,y,
599,Apohyale grandicornis,amphipod,2,208,Lottia pelta,limpet,1,9,,3,,,"100, MAH",Central CA,middle,exposed,y,
150,Pisaster ochraceus,sea star,1,208,Lottia pelta,limpet,1,1,,3,,,MAH,,middle,exposed,y,
151,Pisaster giganteus,sea star,1,208,Lottia pelta,limpet,1,1,,3,,,MAH,,middle,exposed,y,
,Evasterias troschelli,sea star,1,208,Lottia pelta,limpet,1,1,,3,3,,MAH,,middle,exposed,y,
149,Leptasterias hexactis,sea star,1,208,Lottia pelta,limpet,1,1,,3,,,MAH,,middle,exposed,y,
148,Leptasterias pusilla,sea star,1,208,Lottia pelta,limpet,1,1,,3,,,MAH,,middle,exposed,y,
599,Apohyale grandicornis,amphipod,2,210,Lottia scabra,limpet,1,9,,3,,,"100, MAH",Central CA,middle,exposed,y,
599,Apohyale grandicornis,amphipod,2,215,Lottia scutum,limpet,1,9,,3,,,"100, MAH",Central CA,middle,exposed,y,
599,Apohyale grandicornis,amphipod,2,201,Lottia gigantea,limpet,1,9,,3,,,"100, MAH",Central CA,middle,exposed,y,
599,Apohyale grandicornis,amphipod,2,601,Ulva sp.,algae,1,1,,3,,,"100, MAH",,middle,exposed,y,
600,Apohyale grandicornis,amphipod,1,601,Ulva sp.,algae,1,1,,3,,,"100, MAH",,middle,pools,n,
,Haplostoma albicatum,copepod,1,,Distaplia occidentalis,tunicate,1,2,,3,,,"82, MAH","WA, British Columbia",Intertidal and sublittoral (San Juan),,,
,Haplostoma minutum,copepod,1,,Amaroucium arenatum,tunicate,1,2,,3,,,"82, MAH",WA,,,,
,Haplostoma dentatum (female only),copepod,1,,Cystordytes lobatus,tunicate,1,2,,3,,,"82, MAH",WA,,,,
,Haplostoma setiferum,copepod,1,,Eudistoma ritteri,tunicate,1,2,,3,,,"82, MAH","WA, British Columbia",,,,
,Haplostoma ambiguum ,copepod,1,,Didemnum albidum,tunicate,1,2,,3,,,"82, MAH",WA,,,,
,Haplostoma elegans,copepod,1,,Amaroucium constellatum ,tunicate,1,2,,3,,,"82, MAH",WA,,,,
,Haplostoma elegans,copepod,1,,Amaroucium propinquum,tunicate,1,2,,3,,,"82, MAH",WA,,,,
,Haplostomides bellus (female only),copepod,1,,Sigillinaria aequali-siphonis,tunicate,1,2,,3,,,"82, MAH",British Columbia,,,,
,Haplostomides luteolus (female only),copepod,1,,Amaroucium glabrum,tunicate,1,2,,3,,,"82, MAH",British Columbia,,,,
,Haplosaccus elongatus (female only),copepod,1,,Amaroucium glabrum,tunicate,1,2,,3,,,"82, MAH",British Columbia,,,,
,Haplosaccus elongatus (female only),copepod,1,,Amaroucium arenatum,tunicate,1,2,,3,,,"82, MAH",WA,,,,
,Haplostomella dubia,copepod,1,,Amaroucium glabrum,tunicate,1,2,,3,,,"82, MAH",British Columbia,,,,
,Haplostomella dubia,copepod,1,,Amaroucium arenatum,tunicate,1,2,,3,,,"82, MAH",WA,,,,
,Haplostomella distincta,copepod,1,,Amaroucium arenatum ,tunicate,1,2,,3,,,"82, MAH",WA,,,,
,Haplostomella distincta,copepod,1,,Amaroucium glabrum,tunicate,1,2,,3,,,"82, MAH",British Columbia,,,,
,Haplostomella oceanica,copepod,1,,Amaroucium arenatum,tunicate,1,2,,3,,,"82, MAH",WA,,,,
,Haplostomella oceanica,copepod,1,,Eudistoma ritteri ,tunicate,1,2,,3,,,"82, MAH","WA, British Columbia",,,,
,Haplostomella reducta,copepod,1,,Distaplia occidentalis,tunicate,1,2,,3,,,"82, MAH",WA,,,,
,Botryllophilus sp.,copepod,1,,Amaroucium arenatum,tunicate,1,2,,3,,,"82, MAH",WA,,,,
,Botryllophilus sp.,copepod,1,,Amaroucium constellatum,tunicate,1,2,,3,,,"82, MAH",WA,,,,
,Botryllophilus sp.,copepod,1,,Amaroucium propinquum,tunicate,1,2,,3,,,"82, MAH",WA,,,,
,Botryllophilus sp.,copepod,1,,Eudistoma ritteri,tunicate,1,2,,3,,,"82, MAH","WA, British Columbia",,,,
,Botryllophilus sp.,copepod,1,,Cystodytes lobatus,tunicate,1,2,,3,,,"82, MAH",WA,,,,
,Pholeterides furtiva,copepod,1,,Amaroucium arenatum,tunicate,1,2,,3,,,"82, MAH",WA,,,,
,Pholeterides furtiva,copepod,1,,Amaroucium constellatum,tunicate,1,2,,3,,,"82, MAH",WA,,,,
, Gyrodactylus maculosi,monogene,1,16,Oligocottus maculosus,fish,1,7,,3,,,RIZ Lit Search: 84,British Columbia,,,,
,Pseudodelphis oligocotti,nematode,1,16,Oligocottus maculosus,fish,1,6,,3,,,RIZ Lit Search: 85,British Columbia,,,,
,Haemobaphes intermedius,copepod,1,16,Oligocottus maculosus,fish,1,7,,3,,,RIZ Lit Search: 86,Northwest Atlantic and Northeast Pacific,,,,
,Ardea herodias,shorebird,1,16,Oligocottus maculosus,fish,1,1,,3,,,RIZ Lit Seach: 87,,,,,
16,Oligocottus maculosus,fish,1,NA,Parophyrus vetulus,fish,1,1,,3,,,RIZ Lit Seach: 87,,,,,
18,Heterostichus rostratus,fish,4,NA,Brachionus plicatilis,rotifer,1,1,,3,,,RIZ Lit Search: 90,"Santa Catalina Island, USA",,,,
18,Heterostichus rostratus,fish,4,NA,Artemia salina,shrimp,1,1,,3,,,RIZ Lit Search: 91,"Santa Catalina Island, USA",,,,
18,Heterostichus rostratus,fish,4,NA,Acartia sp.,copepod,1,1,,3,,,RIZ Lit Search: 92,"Santa Catalina Island, USA",,,,
18,Heterostichus rostratus,fish,1,NA,Gelidium nudifrons,algae,1,10,,3,,,RIZ Lit Search: 90,"Santa Catalina Island, USA",,,,
18,Heterostichus rostratus,fish,1,NA,Hippolyte californiensis,shrimp,1,1,,3,,,RIZ Lit Search: 92,"Southern CA, USA",,,,
3,Gibbonsia elegans,Fish,1,18,Heterostichus rostratus,fish,1,1,,3,,,RIZ Lit Search: 95,"Santa Catalina Island, USA",,,,
12,girella nigricans,fish,1,18,Heterostichus rostratus,fish,1,1,,3,,,RIZ Lit Search: 95,"Santa Catalina Island, USA",,,,
18,semicossyphus pulcher,fish,1,18,Heterostichus rostratus,fish,1,1,,3,,,RIZ Lit Search: 95,"Santa Catalina Island, USA",,,,
NA,oxyjulis californica,fish,1,18,Heterostichus rostratus,fish,1,1,,3,,,RIZ Lit Search: 95,"Santa Catalina Island, USA",,,,
NA,Halichoeres semisinctus,fish,1,18,Heterostichus rostratus,fish,1,1,,3,,,RIZ Lit Search: 95,"Santa Catalina Island, USA",,,,
NA,Rhacochilus toxotes,fish,1,18,Heterostichus rostratus,fish,1,1,,3,,,RIZ Lit Search: 95,"Santa Catalina Island, USA",,,,
NA,Hypsopops rubicundus,fish,1,18,Heterostichus rostratus,fish,1,1,,3,,,RIZ Lit Search: 95,"Santa Catalina Island, USA",,,,
18,Heterostichus rostratus,fish,1,NA,Pteroclaudia capillacea,algae,1,10,,3,,,RIZ Lit Search: 95,"Santa Catalina Island, USA",,,,
18,Heterostichus rostratus,fish,1,NA,Cystoseira neglecta,algae,1,10,,3,,,RIZ Lit Search: 95,"Santa Catalina Island, USA",,,,
18,Heterostichus rostratus,fish,1,NA,Eisenia arborea,algae,1,10,,3,,,RIZ Lit Search: 95,"Santa Catalina Island, USA",,,,
18,Heterostichus rostratus,fish,1,NA,Sargassum muticum,algae,1,10,,3,,,RIZ Lit Search: 95,"Santa Catalina Island, USA",,,,
,Lepeophtheirus schaadti,new parasite! ,1,18,Heterostichus rostratus,fish,1,6,,3,,,RIZ Lit Search: 96,USA,,,,
,Heptacyclus cabrilloi,new parasite! ,1,18,Heterostichus rostratus,fish,1,6,,3,,,RIZ Lit Search: 98,USA,,,,
,Lepeophtheirus parviventris,new parasite! ,1,18,Heterostichus rostratus,fish,1,6,,3,,,RIZ Lit Search: 99,"California, USA",,,,
150,Pisaster ochraceus,seastar,1,203,Lottia limatula,limpet,1,1,,3,,,MAH,,middle,exposed,y,
566,Pachygrapsus crassipes,crab,1,203,Lottia limatula,limpet,1,1,,3,,,MAH,,middle,exposed,y,
9,Triakis semifasciata,shark,1,,Hemigrapsus oregonensis,crab,1,1,,3,,,RIZ Lit Search: 101,"CA, USA",,,,
9,Triakis semifasciata,shark,1,,Urechis caupo,echiurid,1,1,,3,,,RIZ Lit Search: 101,"CA, USA",,,,
9,Triakis semifasciata,shark,1,,Leptocottus armatus,fish,1,1,,3,,,RIZ Lit Search: 101,"CA, USA",,,,
9,Triakis semifasciata,shark,1,,Cancer spp,crab,1,1,,3,,,RIZ Lit Search: 101,"CA, USA",,,,
9,Triakis semifasciata,shark,1,,Cancer gracilis,crab,1,1,,3,,,RIZ Lit Search: 101,"CA, USA",,,,
9,Triakis semifasciata,shark,1,,Tresus nuttallii,bivalve,1,1,,3,,,RIZ Lit Search: 101,"CA, USA",,,,
9,Triakis semifasciata,shark,1,,Saxidomus nuttalli,bivalve,1,1,,3,,,RIZ Lit Search: 101,"CA, USA",,,,
9,Triakis semifasciata,shark,1,,Nereis sp.,polychaete,1,1,,3,,,RIZ Lit Search: 101,"CA, USA",,,,
9,Triakis semifasciata,shark,1,601,Ulva sp.,algae,1,1,,3,,,RIZ Lit Search: 101,"CA, USA",,,,
9,Triakis semifasciata,shark,1,,Zostera marina,sea grass,1,1,,3,,,RIZ Lit Search: 101,"CA, USA",,,,
9,Triakis semifasciata,shark,1,,Atherinops affinis,fish,1,1,,3,,,RIZ Lit Search: 101,"CA, USA",,,,
9,Triakis semifasciata,shark,1,,Cymatogaster aggregata,fish,1,1,,3,,,RIZ Lit Search: 101,"CA, USA",,,,
9,Triakis semifasciata,shark,1,,Engraulis mordax,fish,1,1,,3,,,RIZ Lit Search: 101,"CA, USA",,,,
150,Pisaster ochraceus,seastar,1,210,Lottia scabra,limpet,1,1,,3,,,MAH,,high,exposed,y,
599,Apohyale grandicornis,amphipod,2,215,Lottia scabra,limpet,1,9,,3,,,"100, MAH",Central CA,middle,exposed,y,
212,Lottia triangularis,limpet,1,236,Tegula brunnea,snail,1,2,,3,,,MAH,,,,,
213,Notoacmea inessa,limpet,1,617,Egregia menziesii,brown algae,1,3,,3,,,MAH,,low,pools,y,
214,Notoacmea paleacea,limpet,1,607,Phyllospadix torreyi,sea grass,1,3,,3,,,MAH,,low,pools,y,
214,Notoacmea paleacea,limpet,1,608,Phyllospadix scouleri,sea grass,1,3,,3,,,MAH,,low,pools,y,
566,Pachygrapsus crassipes,crab,1,215,Lottia scutum,limpet,1,1,,3,,,MAH,,middle,both,y,
150,Pisaster ochraceus,sea star,1,215,Lottia scutum,limpet,1,1,,3,,,MAH,,middle,both,y,
151,Pisaster giganteus,sea star,1,215,Lottia scutum,limpet,1,1,,3,,,MAH,,middle,both,y,
149,Leptasterias hexactis,sea star,1,215,Lottia scutum,limpet,1,1,,3,,,MAH,,middle,both,y,
148,Leptasterias pusilla,sea star,1,215,Lottia scutum,limpet,1,1,,3,,,MAH,,middle,both,y,
,Evasterias troschelli,sea star,1,215,Lottia scutum,limpet,1,1,,3,,,MAH,,middle,both,y,
,Orthasterias koehleri,sea star,1,215,Lottia scutum,limpet,1,1,,3,,,MAH,,middle,both,y,
601,Ulva sp. ,green algae,1,215,Lottia scutum,limpet,1,2,,3,,,MAH,,middle,both,y,
618,Pygodelphys aquilonaris,copepod,1,220,Pyura haustor,tunicate,1,9,,3,3,,"MAH, 105",WA Salish Sea,low,pools,y,
618,Pygodelphys aquilonaris,copepod,1,222,Boltenia villosa,tunicate,1,9,,3,3,,"MAH, 105",WA Salish Sea,low,pools,y,
618,Pygodelphys aquilonaris,copepod,1,217,Styela montereyensis,tunicate,1,9,,3,3,,MAH,WA Coast,low,pools,y,
619,Trichophyra salparum,ciliate,1,220,Pyura haustor,tunicate,1,9,,3,3,,"MAH, 102","San Juan Archipelago, WA and Oregon Coast",low,pools,y,
620,Parahypocoma rhamphisokarya,ciliate,1,220,Pyura haustor,tunicate,1,9,,3,3,,"MAH, 102","San Juan Archipelago, WA and Oregon Coast",low,pools,y,
621,Euplotastpis cionaecola,ciliate,1,220,Pyura haustor,tunicate,1,9,,3,3,,"MAH, 102","San Juan Archipelago, WA and Oregon Coast",low,pools,y,
620,Parahypocoma rhamphisokarya,ciliate,1,222,Boltenia villosa,tunicate,1,9,,3,3,,"MAH, 102","San Juan Archipelago, WA and Oregon Coast",low,pools,y,
619,Trichophyra salparum,ciliate,1,222,Boltenia villosa,tunicate,1,9,,3,3,,"MAH, 102","San Juan Archipelago, WA and Oregon Coast",low,pools,y,
143,Dermasterias imbricata,sea star,1,222,Boltenia villosa,tunicate,1,1,,3,3,,MAH,,low,pools,y,
60,Orthasterias koehleri,sea star,1,222,Boltenia villosa,tunicate,1,1,,3,3,,MAH,,low,pools,y,
NA,Doropygus fernaldi,copepod,1,222,Boltenia villosa,tunicate,1,9,,3,3,,"MAH, 105",WA,low,pools,y,
NA,Scolecodes huntsmani,copepod,1,222,Boltenia villosa,tunicate,1,6,,3,3,,"MAH, 105, 106",WA,low,pools,y,
NA,Doropygus fernaldi,copepod,1,223,Halocynthia hilgendorfi igaboja,tunicate,1,9,,3,3,,"MAH, 105",WA,low,pools,y,
66,Cliona celata,sponge,1,225,Haliotis rufescens,snail,1,28,,3,,,MAH,,low,pools,y,
388,Penitella conradi,bivalve,1,225,Haliotis rufescens,snail,1,28,,3,,,MAH,,low,pools,y,
66,Cliona celata,sponge,1,225,Haliotis rufescens,snail,1,28,,3,,,MAH,,low,pools,y,
388,Penitella conradi,bivalve,1,225,Haliotis rufescens,snail,1,28,,3,,,MAH,,low,pools,y,
388,Penitella conradi,bivalve,1,225,Haliotis cracherodi,snail,1,28,,3,,,MAH,,low,pools,y,
66,Cliona celata,sponge,1,225,Haliotis cracherodi,snail,1,28,,3,,,MAH,,low,pools,y,
508,Betaeus harfordi,shrimp,1,225,Haliotis cracherodi,snail,1,9,,3,3,,"MAH, 107",San Pedro,low,both,y,
230,Calliostoma annulatum,snail,1,658,Membranipora sp.,bryozoan,1,1,,3,,,MAH,,,,,
230,Calliostoma annulatum,snail,1,623,Celleporella sp.,bryozoan,1,1,,3,,,MAH,,,,,
230,Calliostoma annulatum,snail,1,109,Corynactis californica,anemone,1,1,,3,,,MAH,,,,,
230,Calliostoma annulatum,snail,1,85,Obelia dichotoma,hydroid,1,1,,3,,,MAH,,,,,
230,Calliostoma annulatum,snail,1,86,Obelia bidentata,hydroid,1,1,,3,,,MAH,,,,,
230,Calliostoma annulatum,snail,1,87,Obelia geniculata,hydroid,1,1,,3,,,MAH,,,,,
150,Pisaster ochraceus,sea star,1,232,Calliostoma ligatum,snail,1,1,,3,,,MAH,,low,pools,y,
348,Dirona albolineata,nudibranch,1,234,Margarites pupillus,snail,<7mm,1,,3,3,,"MAH, 108","Friday Harbor, WA",low,pools,y,
235,Norrisia norrisi,snail,1,587,Macrocystis pyrifera,brown algae,1,3,,3,,,MAH,,low,both,y,
235,Norrisia norrisi,snail,1,617,Egregia menziesii,brown algae,1,3,,3,,,MAH,,low,both,y,
235,Norrisia norrisi,snail,1,624,Laminaria sp.,brown algae,1,3,,3,,,MAH,,low,both,y,
150,Pisaster ochraceus,sea star,1,236,Tegula brunnea,snail,1,1,,3,,,MAH,,low,both,y,
549,Cancer antennarius,crab,1,236,Tegula brunnea,snail,1,1,,3,,,MAH,,low,both,y,
,Enhydra lutris,mammal,1,236,Tegula brunnea,snail,1,1,,3,,,MAH,,low,both,y,
150,Pisaster ochraceus,sea star,1,237,Tegula funebralis,snail,1,1,,3,,,MAH,,middle,both,y,
549,Cancer antennarius,crab,1,237,Tegula funebralis,snail,1,1,,3,,,MAH,,middle,both,y,
,Enhydra lutris,mammal,1,237,Tegula funebralis,snail,1,1,,3,,,MAH,,middle,both,y,
197,Lottia asmi,limpet,1,237,Tegula funebralis,snail,1,10,,3,,,MAH,,high,both,y,
208,Lottia pelta,limpet,1,237,Tegula funebralis,snail,1,10,,3,,,MAH,,high,both,y,
199,Lottia digitalis,limpet,1,237,Tegula funebralis,snail,1,10,,3,,,MAH,,high,both,y,
205,Lottia strigatella,limpet,4,237,Tegula funebralis,snail,1,10,,7,,,Jessica Bean,,high,both,y,
203,Lottia limatula,limpet,1,237,Tegula funebralis,snail,1,10,,3,,,MAH,,high,both,y,
258,Crepidula adunca,snail,1,237,Tegula funebralis,snail,1,10,,3,,,MAH,,high,both,y,
261,Crepidula perforans,snail,1,237,Tegula funebralis,snail,1,10,,3,,,MAH,,high,both,y,
280,Acanthina paucilirata,snail,1,247,Littorina planaxis,snail,1,1,,3,,,MAH,,high,exposed,y,
281,Acanthina punctulata,snail,1,247,Littorina planaxis,snail,1,1,,3,,,MAH,,high,exposed,y,
282,Acanthina spirata,snail,1,247,Littorina planaxis,snail,1,1,,3,,,MAH,,high,exposed,y,
281,Acanthina punctulata,snail,1,248,Littorina scutulata,snail,1,1,,3,,,MAH,,middle,pools,y,
282,Acanthina spirata,snail,1,248,Littorina scutulata,snail,1,1,,3,,,MAH,,middle,pools,y,
149,Leptasterias hexactis,sea star,1,248,Littorina scutulata,snail,1,1,,3,,,MAH,,middle,pools,y,
249,Vitrinella oldroydi,snail,1,401,Stenoplax heathiana,chiton,1,9,,3,,,MAH,,middle,exposed,y,
249,Vitrinella oldroydi,snail,1,403,Stenoplax conspicua,chiton,1,9,,3,,,MAH,,middle,exposed,y,
151,Pisaster giganteus,sea star,1,250,Thylacodes squamigerous,snail,1,1,,3,,,MAH,"Mussel Point, Monterey, CA",low,exposed,y,
272,Ceratostoma foliatum,snail,1,250,Thylacodes squamigerous,snail,1,1,,3,3,,MAH,Southern CA,low,exposed,y,
272,Ceratostoma foliatum,snail,1,464,Balanus glandula,barnacle,1,1,,3,2,,MAH,Washington,low,exposed,y,
272,Ceratostoma foliatum,snail,1,462,Semibalanus cariosus,barnacle,1,1,,3,2,,MAH,Washington,low,exposed,y,
272,Ceratostoma foliatum,snail,1,371,Pododesmus cepio,bivalve,1,1,,3,2,,MAH,Washington,low,exposed,y,
272,Ceratostoma foliatum,snail,1,390,Penitella penita,bivalve,1,1,,3,2,,MAH,Washington,low,exposed,y,
272,Ceratostoma foliatum,snail,1,363,Adula californiensis,bivalve,1,1,,3,2,,127,"Boiler Bay, OR",low,exposed,y,
272,Ceratostoma foliatum,snail,1,366,Mytilus californianus,bivalve,1,1,,3,2,,127,"Boiler Bay, OR",low,exposed,y,
272,Ceratostoma foliatum,snail,1,384,Hiatella arctica,bivalve,1,1,,3,2,,127,"Boiler Bay, OR",low,exposed,y,
272,Ceratostoma foliatum,snail,1,NA,Protothaca staminea,bivalve,1,1,,3,2,,127,"Boiler Bay, OR",low,exposed,y,
625,Pteropurpura festiva,snail,1,250,Thylacodes squamigerous,snail,1,1,,3,3,,MAH,Southern CA,low,exposed,y,
274,Pteropurpura trialata,snail,1,250,Thylacodes squamigerous,snail,1,1,,3,3,,MAH,Southern CA,all,exposed,y,
565,Opisthopus transversus,crab,1,250,Thylacodes squamigerous,snail,1,9,,3,3,,MAH,"Malibu, NOT Monterey Bay",low,exposed,y,
,TREMATODE METACERCARIAE,,5,250,Thylacodes squamigerous,snail,1,4,,3,,,"MAH, 110",,all,exposed,y,
151,Pisaster giganteus,sea star,1,251,Petaloconchus montereyensis,snail,1,1,,3,,,MAH,"Mussel Point, Monterey, CA",low,exposed,y,
,TREMATODE METACERCARIAE,,5,251,Petaloconchus montereyensis,snail,,4,,3,,,"MAH, 110",,all,exposed,,
435,Dodecaceria fewkesi,polychaete,1,251,Petaloconchus montereyensis,snail,1,2,,3,,,MAH,,low,exposed,y,
626,Dodecaceria fistulicola,polychaete,,251,Petaloconchus montereyensis,snail,1,2,,3,,,110,,low,exposed,y,
253,Epitonium tinctum,snail,1,99,Anthopleura xanthogrammatica,anemone,1,3,,3,,,MAH,Not Santa Barbara,low,pools,y,
253,Epitonium tinctum,snail,1,101,Anthopleura elegantissima,anemone,1,3,,3,,,"MAH, 113",Santa Barbara,low,pools,y,
254,Opalia chacei,snail,1,101,Anthopleura elegantissima,anemone,1,3,,3,,,"MAH, 113",Santa Barbara,low,pools,y,
255,Opalia funiculata,snail,1,101,Anthopleura elegantissima,anemone,1,3,,3,,,"MAH, 113",Santa Barbara,low,pools,y,
358,Aeolidia loui,nudibranch,1,101,Anthopleura elegantissima,anemone,1,3,,10,,,"MAH, 113",Santa Barbara,low,pools,y,
569,Pycnogonum stearnsi,sea spider,1,101,Anthopleura elegantissima,anemone,1,3,,3,,,"MAH, 113",Santa Barbara,low,pools,y,
570,Pycnogonum rickettsi,sea spider,1,99,Anthopleura xanthogrammatica,anemone,1,3,,3,,,"MAH, 114",Santa Barbara,low,pools,y,
569,Pycnogonum stearnsi,sea spider,1,99,Anthopleura xanthogrammatica,anemone,1,3,,3,,,MAH,,low,pools,y,
569,Pycnogonum stearnsi,sea spider,1,186,Clavelina huntsmani,tunicate,1,3,,3,,,MAH,,low,pools,y,
258,Crepidula adunca,snail,1,237,Tegula funebralis,snail,1,2,,3,,,MAH,,,,,
258,Crepidula adunca,snail,1,236,Tegula brunnea,snail,1,2,,3,,,MAH,,,,,
258,Crepidula adunca,snail,1,232,Calliostoma ligatum,snail,1,2,,3,,,"MAH, 127",,low,pools,y,
261,Crepidula perforans,snail,1,524,Pagurus samuelis,hermit crab,1,9,,3,,,MAH,,high,pools,y,
261,Crepidula perforans,snail,1,525,Pagurus hirsutiusculus,hermit crab,1,9,,3,,,MAH,,middle,pools,y,
261,Crepidula perforans,snail,1,526,Pagurus hemphilli,hermit crab,1,9,,3,,,MAH,,middle,pools,y,
261,Crepidula perforans,snail,1,527,Pagurus granosimanus,hermit crab,1,9,,3,,,MAH,,low,pools,y,
9,Triakis semifasciata,shark,1,NA,Allorchestes angusta,arthropod,1,1,,3,,,RIZ Lit Search: 115,Elkhorn Slough,,,,
9,Triakis semifasciata,shark,1,NA,Corophium sp.,arrhropod,1,1,,3,,,RIZ Lit Search: 116,Elkhorn Slough,,,,
9,Triakis semifasciata,shark,1,NA*new parasite! ,Miamiensis avidus,Eukaryote,1,6,,3,,,RIZ Lit Search: 117,"CA, USA",,,,
9,Triakis semifasciata,shark,1,NA,Branchellion lobata,Annelid,1,7,,3,,,RIZ Lit Search: 118,"SF Bay, CA, USA",,,,
9,Triakis semifasciata,shark,1,NA,Achtheinus oblongu,,1,7,,3,,,RIZ Lit Search: 118,"SF Bay, CA, USA",,,,
9,Triakis semifasciata,shark,1,NA,Pandarus bicolor,Arthropod,1,7,,3,,,RIZ Lit Search: 118,"SF Bay, CA, USA",,,,
9,Triakis semifasciata,shark,1,NA,Lernaeopoda galei,Copepod,1,7,,3,,,RIZ Lit Search: 118,"SF Bay, CA, USA",,,,
9,Triakis semifasciata,shark,1,NA* but I thought this was an intertidal species? ,Callianassa pacifica,Decopod,1,1,,3,,,RIZ Lit Search: 119,"CA, USA",,,,
NA,Carcharodon carcharias,shark,1,9,Triakis Semifasciata,shark,1,1,,3,,,RIZ Lit Search: 121,"CA, USA",,,,
NA,Notorynchus cepedianus,shark,1,9,Triakis Semifasciata,shark,1,1,,3,,,RIZ Lit Search: 121,"CA, USA",,,,
9,Triakis semifasciata,shark,1,NA,Clupea pallasii,fish,1,1,,3,,,RIZ Lit Search: 121,"CA, USA",,,,
9,Triakis semifasciata,shark,1,NA,Porichthys sp.,fish,1,1,,3,,,RIZ Lit Search: 121,"CA, USA",,,,
9,Triakis semifasciata,shark,1,NA,Atherinops affinis,fish,1,1,,3,,,RIZ Lit Search: 121,"CA, USA",,,,
9,Triakis semifasciata,shark,1,NA,Upogebia pugettensis,Decopod,1,1,,3,,,RIZ Lit Search: 122,"CA, USA",,,,
9,Triakis semifasciata,shark,1,NA,Solen sicarius,Bivalve,1,1,,3,,,RIZ Lit Search: 122,"CA, USA",,,,
9,Triakis semifasciata,shark,1,NA,Tresus nutallii,Bivalve,1,1,,3,,,RIZ Lit Search: 122,"CA, USA",,,,
9,Triakis semifasciata,shark,1,NA,Loligo opalescens,cephalopod,1,1,,3,,,RIZ Lit Search: 122,"CA, USA",,,,
9,Triakis semifasciata,shark,1,NA,Lampetra tridentata,fish,1,1,,3,,,RIZ Lit Search: 122,"CA, USA",,,,
9,Triakis semifasciata,shark,1,NA,Myliobatis californica,fish,1,1,,3,,,RIZ Lit Search: 122,"CA, USA",,,,
9,Triakis semifasciata,shark,1,NA,Raja binoculata,(ray) batoid,1,1,,3,,,RIZ Lit Search: 122,"CA, USA",,,,
9,Triakis semifasciata,shark,1,NA,Squalus acanthias,fish,1,1,,3,,,RIZ Lit Search: 122,"CA, USA",,,,
9,Triakis semifasciata,shark,1,NA,Chilara taylori,fish,1,1,,3,,,RIZ Lit Search: 122,"CA, USA",,,,
9,Triakis semifasciata,shark,1,NA,Citharichthys stigmaeus,fish,1,1,,3,,,RIZ Lit Search: 122,"CA, USA",,,,
9,Triakis semifasciata,shark,1,NA,Embiotoca lateralis,fish,1,1,,3,,,RIZ Lit Search: 122,"CA, USA",,,,
9,Triakis semifasciata,shark,1,14,Leptocottus armatus,fish,1,1,,3,,,RIZ Lit Search: 122,"CA, USA",,,,
9,Triakis semifasciata,shark,1,NA,Syngathus leptorhynchus,fish,1,1,,3,,,RIZ Lit Search: 122,"CA, USA",,,,
9,Triakis semifasciata,shark,1,NA,"Atherinopsis californiensis
",fish,1,1,,3,,,RIZ Lit Search: 122,"CA, USA",,,,
9,Triakis semifasciata,shark,1,549,Cancer antennarius,crab,1,1,,3,,,RIZ Lit Search: 122,"CA, USA",,,,
9,Triakis semifasciata,shark,1,NA,Cancer magister,crab,1,1,,3,,,RIZ Lit Search: 122,"CA, USA",,,,
273,Ceratostoma nuttalli,snail,1,366,Mytilus californianus,bivalve,1,1,,3,,,MAH,,middle,exposed,y,
273,Ceratostoma nuttali,snail,1,,Mytilus edulis,bivalve,1,1,,3,3,,MAH,SoCal,middle,exposed,y,
274,Pteropurpura trialata,snail,1,258,Crepidula adunca,snail,1,1,,3,3,,MAH,"South of LA, CA",low,both,y,
274,Pteropurpura trialata,snail,1,261,Crepidula perforans,snail,1,1,,3,3,,MAH,"South of LA, CA",low,both,y,
274,Pteropurpura trialata,snail,1,260,Crepidula aculeata,snail,1,1,,3,3,,MAH,"South of LA, CA",low,both,y,
274,Pteropurpura trialata,snail,1,262,Crepidula nummaria,snail,1,1,,3,3,,MAH,"South of LA, CA",low,both,y,
274,Pteropurpura trialata,snail,1,263,Crepidula onyx,snail,1,1,,3,3,,MAH,"South of LA, CA",low,both,y,
274,Pteropurpura trialata,snail,1,259,Crepidula adunca,snail,4,1,,3,3,,MAH,"South of LA, CA",low,both,y,
278,Paciocinebrina lurida,snail,1,417,Cryptochiton stelleri,chiton,1,3,,3,,,MAH,,low,pools,y,
278,Paciocinebrina lurida,snail,1,464,Balanus glandula,barnacle,1,1,,3,,,MAH,,high,exposed,y,
279,Roperia poulsoni,snail,1,366,Mytilus californianus,bivalve,1,1,,3,3,,MAH,S. of Point Conception,low,pools,y,
279,Roperia poulsoni,snail,1,,Mytilus edulis,bivalve,1,1,,3,3,,MAH,S. of Point Conception,low,pools,y,
279,Roperia poulsoni,snail,1,390,Penitella penita,bivalve,1,1,,3,3,,MAH,S. of Point Conception,low,pools,y,
549,Cancer antennarius,crab,1,279,Roperia poulsoni,snail,1,1,,3,3,,MAH,S. of Point Conception,low,pools,y,
281,Acanthinucella punctulata,snail,1,464,Balanus glandula,barnacle,,,,,,,,,,,,
281,Acanthinucella punctulata,snail,1,456,Chthamalus dalli,barnacle,1,1,,3,,,MAH,,high,pools,y,
281,Acanthinucella punctulata,snail,1,247,Littorina scutulata,snail,1,1,,3,,,MAH,,high,pools,y,
281,Acanthinucella punctulata,snail,1,248,Littorina planaxis,snail,1,1,,3,,,MAH,,high,pools,y,
281,Acanthinucella punctulata,snail,1,284,Nucella emarginata,snail,1,1,,3,,,MAH,,high,pools,y,
281,Acanthinucella punctulata,snail,1,374,Lasaea cistula,bivalve,1,1,,3,,,MAH,,high,pools,y,
281,Acanthinucella punctulata,snail,1,237,Tegula funebralis,snail,1,1,,3,,,MAH,,high,pools,y,
149,Leptasterias hexactis,seastar,1,627,Acanthinucella punctulata,snail,4,1,,3,,,MAH,,high,pools,y,
283,Nucella canaliculata,snail,1,366,Mytilus californianus,bivalve,1,1,,3,,,MAH,,high,pools,y,
283,Nucella canaliculata,snail,1,367,Mytilus edulis,bivalve,1,1,,3,,,MAH,,high,pools,y,
283,Nucella canaliculata,snail,1,462,Semibalanus cariosus,barnacle,1,1,,3,,,MAH,,high,pools,y,
283,Nucella emarginata,snail,1,366,Mytilus californianus,bivalve,1,1,,3,,,MAH,,high,pools,y,
283,Nucella emarginata,snail,1,367,Mytilus edulis,bivalve,1,1,,3,,,MAH,,high,pools,y,
283,Nucella emarginata,snail,1,464,Balanus glandula,barnacle,1,1,,3,,,MAH,,high,pools,y,
283,Nucella emarginata,snail,1,455,Pollicipes polymerus,barnacle,1,1,,3,,,MAH,,high,pools,y,
283,Nucella emarginata,snail,1,456,Chthamalus dalli,barnacle,1,1,,3,,,MAH,,high,pools,y,
283,Nucella emarginata,snail,1,210,Lottia scabra,limpet,1,1,,3,,,MAH,,high,pools,y,
283,Nucella emarginata,snail,1,203,Lottia limatula,limpet,1,1,,3,,,MAH,,high,pools,y,
283,Nucella emarginata,snail,1,237,Tegula funebralis,snail,1,1,,3,,,MAH,,high,pools,y,
283,Nucella emarginata,snail,1,248,Littorina planaxis,snail,1,1,,3,,,MAH,,high,pools,y,
549,Cancer antennarius,crab,1,283,Nucella emarginata,snail,1,1,,3,,,MAH,,high,pools,y,
286,Lirabuccinum dirum,snail,1,248,Littorina scutulata,snail,1,1,,3,,,MAH,,middle,,y,
286,Lirabuccinum dirum,snail,1,,Littorina sitkana,snail,1,1,,3,,,MAH,,middle,,y,
286,Lirabuccinum dirum,snail,1,215,Lottia scutum,limpet,1,1,,3,,,MAH,,middle,,y,
286,Lirabuccinum dirum,snail,1,208,Lottia pelta,limpet,1,1,,3,,,MAH,,middle,,y,
286,Lirabuccinum dirum,snail,1,199,Lottia digitalis,limpet,1,1,,3,,,MAH,,middle,,y,
286,Lirabuccinum dirum,snail,1,232,Calliostoma ligatum,snail,1,1,,3,,,MAH,,middle,,y,
286,Lirabuccinum dirum,snail,1,234,Margarites pupillus,,1,1,,3,,,MAH,,middle,,y,
286,Lirabuccinum dirum,snail,1,246,Lacuna marmorata,snail,1,1,,3,,,MAH,,middle,,y,
286,Lirabuccinum dirum,snail,1,286,Lirabuccinum dirum,snail,1,1,,3,2,,158,,middle,,n,
286,Lirabuccinum dirum,snail,1,395,Ischnochiton interstinctus,?,1,1,,3,3,,MAH,,middle,,y,
286,Lirabuccinum dirum,snail,1,396,Ischnochiton regularis,chiton,1,1,,3,,,MAH,,middle,,y,
286,Lirabuccinum dirum,snail,1,416,Katharina tunicata,chiton,1,1,,3,,,MAH,,middle,,y,
286,Lirabuccinum dirum,snail,1,464,Balanus glandula,barnacle,1,1,,3,,,MAH,,middle,,y,
286,Lirabuccinum dirum,snail,1,462,Semibalanus cariosus,barnacle,1,1,,3,,,MAH,,middle,,y,
150,Pisaster ochraceus,sea star,1,287,Kelletia kelletii,snail,1,1,,3,,,MAH,,low,pools,y,
294,Olivella biplicata,snail,1,587,Macrocystis pyrifera,algae,1,3,,3,,,MAH,,low,pools,y,
294,Olivella biplicata,snail,1,237,Tegula funebralis,snail,1,30,,3,,,MAH,,low,pools,y,
294,Olivella biplicata,snail,1,366,Mytilus californianus,bivalve,1,30,,3,,,MAH,,low,pools,y,
295,Atrimitra idae,snail,1,448,Phascolosoma agassizii,sipunculid,1,1,,3,1,,128,,low,pools,y,
298,Conus californicus,snail,1,294,Olivella biplicata,snail,1,1,,3,,,MAH,,low,pools,y,
298,Conus californicus,snail,1,291,Nassarius mendicus,snail,1,1,,10,,,MAH,,low,pools,,
298,Conus californicus,snail,1,N/A,Bulla gouldiana,,1,1,,3,,,MAH,,low,pools,,
298,Conus californicus,snail,1,N/A,Macoma nasuta,,1,1,,3,,,MAH,,low,pools,,
298,Conus californicus,snail,1,N/A,Tagelus californianus,,1,1,,3,,,MAH,,low,pools,,
298,Conus californicus,snail,1,N/A,Solen rosaceus,,1,1,,3,,,MAH,,low,pools,,
299,Navanax inermis,sea slug,1,299,Navanax inermis,sea slug,1,1,,3,,,MAH,,low,pools,,
299,Navanax inermis,sea slug,1,N/A,Haminoea vesicula,,1,,,,,,,,,,y,
628,Anthessius navanacis,copepod,1,299,Navanax inermis,sea slug,1,7,,3,,,"MAH, 176",,low,pools,y,
565,Opisthopus transversus,crab,1,299,Navanax inermis,sea slug,1,9,,3,,,MAH,,low,pools,y,
565,Opisthopus transversus,crab,1,301,Aplysia vaccaria,sea slug,1,9,,3,2,,"MAH, 133",,middle,pools,y,
301,Aplysia vaccaria,sea slug,1,617,Egregia menziesii,brown algae,,,,3,,,,,,,,
,,,,,,,,,,,,,,,,,,
628,Anthessius lighti,copepod,1,301,Aplysia vaccaria,sea slug,1,7,,3,,,,Bodega Bay,all,both,,no
306,Tylodina fungina,sea snail,1,NA,Aplysina geradorgreeni,Sponge,1,1,,3,,,RIZ Lit Search: 129,Mexico,,,,
306,Tylodina fungina,sea snail,1,NA,Suberea azteca,Sponge,1,1,,3,,,RIZ Lit Search: 130,Perlas Isands,,,,
306,Tylodina fungina,sea snail,1,64,Aplysina fistularis,Sponge,1,1,,3,,,"MAH, RIZ Lit Search: 132","San Diego, CA",,,,
307,Berthella californica,nudibranch,1,NA,Oscarella carmela,Sponge,1,1,,3,,,RIZ Lit Search: 135,"Oregon, USA",,,,
NA* but I think this is a rocky intertidal species ,Phidiana hiltoni,nudibranch,1,316,Cuthona divae,nudibranch,1,1,,3,,,RIZ Lit Search: 136,USA,,,,
12,Girella nigricans,fish,juvenile,8,Atherinops affinis,fish,1,22,,3,,,RIZ Lit Search: 139,"Santa Catalina Island, USA",,,,
NA,Hermosilla azure,fish,juvenile,12,Girella nigricans,fish,juvinile?,1,,3,,,RIZ Lit Search: 139,"Santa Catalina Island, USA",,,,
12,Girella nigricans,fish,1,NA,Enteromorpha sp,algae,1,3,,3,,,RIZ Lit Search: 140,USA,,,,
12,Girella nigricans,fish,1,NA,Ulva sp,algae,1,3,,3,,,RIZ Lit Search: 140,USA,,,,
12,Girella nigricans,fish,1,NA,Binghamia forkii,algae,1,3,,3,,,RIZ Lit Search: 140,USA,,,,
12,Girella nigricans,fish,1,NA,Collisella limatula,limpet,1,1,,3,,,RIZ Lit Search: 142,USA,,,,
12,Girella nigricans,fish,1,NA,Collisella scabra,limpet,1,1,,3,,,RIZ Lit Search: 142,USA,,,,
14,Leptocottus armatus ,fish,1,NA,Traskorchestia traskiana,shrimp,1,1,,3,,,RIZ Lit Search: 144,USA,,,,
14,Leptocottus armatus ,fish,1,NA,Neomysis kadiakensis,shrimp,1,1,,3,,,RIZ Lit Search: 144,USA,,,,
14,Leptocottus armatus ,fish,1,NA,Corophium alienense,amphipod,1,1,,3,,,RIZ Lit Search: 144,USA,,,,
14,Leptocottus armatus ,fish,1,NA,Neanthes succinea,annelid,1,1,,3,,,RIZ Lit Search: 144,USA,,,,
14,Leptocottus armatus ,fish,1,NA,Gnorimosphearoma oregonense,crustacean ( isopod),1,1,,3,,,RIZ Lit Search: 144,USA,,,,
14,Leptocottus armatus ,fish,1,NA,Sinelobus stanfordii,crustacean ,1,1,,3,,,RIZ Lit Search: 144,USA,,,,
14,Leptocottus armatus ,fish,1,NA,Nippoleucon hinumensis,crustacean,1,1,,3,,,RIZ Lit Search: 144,USA,,,,
14,Leptocottus armatus ,fish,1,NA,Hemigrapsus oregonensis,crab,1,1,,3,,,RIZ Lit Search: 145,USA,,,,
14,Leptocottus armatus ,fish,1,NA,Protothaca staminea,clam,1,1,,3,,,RIZ Lit Search: 146,"CA, USA",,,,
14,Leptocottus armatus ,fish,1,NA,Macoma spp,clam,1,1,,3,,,RIZ Lit Search: 146,"CA, USA",,,,
14,Leptocottus armatus ,fish,1,NA,Echinorhynchus gadi,helminth parasite,1,7?,,3,,,RIZ Lit Search: 147,"Oregon, USA",,,,
14,Leptocottus armatus ,fish,1,NA,Podocotyle olssoni,helminth parasite,1,7?,,3,,,RIZ Lit Search: 147,"Oregon, USA",,,,
14,Leptocottus armatus ,fish,1,NA,Podocotyle reflexa,helminth parasite,1,7?,,3,,,RIZ Lit Search: 147,"Oregon, USA",,,,
14,Leptocottus armatus ,fish,1,NA,Tubulovesicula sp,helminth parasite,1,7?,,3,,,RIZ Lit Search: 147,"Oregon, USA",,,,
14,Leptocottus armatus ,fish,1,NA,Callianassa californiensis,shrimp ,1,1,,3,,,RIZ Lit Search: 148 ,USA,,,,
NA,Prionance glauca,fish,1,7,Sygnathus californiensis,fish,1,1,,3,,,RIZ Lit Search: 149,meta analysis,,,,
NA,Thalasseus elegans,bird,1,7,Sygnathus californiensis,fish,1,1,,3,,,"RIZ Lit Search: 151, 149","CA, USA",,,,
NA,Arius platypogon,"batoid, ( ray)",1,7,Sygnathus californiensis,fish,1,1,,2,,,RIZ Lit Search: 149,"CA, USA",,,,
16,Clinocottus analis,Fish,1,,Fisurella volcano,limpet,1,1,,3,,,RIZ Lit Search: 154,Mexico,,,,
16,Clinocottus analis,Fish,1,,Collisella digitalis,limpet,1,1,,3,,,RIZ Lit Search: 154,Mexico,,,,
16,Clinocottus analis,Fish,1,,Collisella scabra,limpet,1,1,,3,,,RIZ Lit Search: 154,Mexico,,,,
16,Clinocottus analis,Fish,1,,Neanthes virens,annelid,1,1,,3,,,RIZ Lit Search: 154,Mexico,,,,
16,Clinocottus analis,Fish,1,430,Platynereis bicanaliculata,worm,1,1,,3,,,RIZ Lit Search: 154,Mexico,,,,
16,Clinocottus analis,Fish,1,,Tigriopus californicus,copepod,1,1,,3,,,RIZ Lit Search: 154,Mexico,,,,
16,Clinocottus analis,Fish,1,566,Pachygrapsus crassipes,crab,1,1,,3,,,RIZ Lit Search: 154,Mexico,,,,
16,Clinocottus analis,Fish,1,,Leptochelia sp. ,arthropod,1,1,,3,,,RIZ Lit Search: 154,Mexico,,,,
16,Clinocottus analis,Fish,1,,Dynamenopsis dianae,isopod,1,1,,3,,,RIZ Lit Search: 154,Mexico,,,,
16,Clinocottus analis,Fish,1,,Limnoria sp. ,isopod,1,1,,3,,,RIZ Lit Search: 154,Mexico,,,,
16,Clinocottus analis,Fish,1,,Ligia sp. ,isopod,1,1,,3,,,RIZ Lit Search: 154,Mexico,,,,
16,Clinocottus analis,Fish,1,,Rocinela sp. ,isopod,1,1,,3,,,RIZ Lit Search: 154,Mexico,,,,
16,Clinocottus analis,Fish,1,,Strongylocentrotous purpuratus,Echinoderm,1,1,,3,,,RIZ Lit Search: 154,Mexico,,,,
16,Clinocottus analis,Fish,1,,Orchestoidia sp. ,,1,1,,3,,,RIZ Lit Search: 154,Mexico,,,,
16,Clinocottus analis,Fish,1,,Oligochinus lighti,,1,1,,3,,,RIZ Lit Search: 154,Mexico,,,,
16,Clinocottus analis,Fish,1,609,Hyale frequens,amphipod,1,1,,3,,,RIZ Lit Search: 154,Mexico,,,,
16,Clinocottus analis,Fish,1,,Caprella sp. ,amphipod,1,1,,3,,,RIZ Lit Search: 154,Mexico,,,,
16,Clinocottus analis,Fish,1,,Tethmia aptena,,1,1,,3,,,RIZ Lit Search: 154,Mexico,,,,
20,Gobiesox maeandricus,fish,1,,Ampithoe spp,amphipod,1,1,,3,,,RIZ Lit Search: 155,"CA, USA",,,,
20,Gobiesox maeandricus,fish,1,247, Littorina sp. ,sea snail,1,1,,3,,,RIZ Lit Search: 155,"CA, USA",,,,
20,Gobiesox maeandricus,fish,1,,Acmaea spp. ,sea snail,1,1,,3,,,RIZ Lit Search: 155,"CA, USA",,,,
20,Gobiesox maeandricus,fish,1,,Harpacticus sp. ,copepod,1,1,,3,,,RIZ Lit Search: 155,"CA, USA",,,,
20,Gobiesox maeandricus,fish,1,,Parathalestris sp.,copepod,1,1,,3,,,RIZ Lit Search: 155,"CA, USA",,,,
20,Gobiesox maeandricus,fish,1,,Ectinosoma melaniceps,copepod,1,1,,3,,,RIZ Lit Search: 155,"CA, USA",,,,
311,Cadlina flavomaculata,nudibranch,1,63,Aplysilla glacialis,sponge,1,3,,3,,,MAH,,low,pools,y,
313,Cadlina modesta,nudibranch,1,63,Aplysilla glacialis,sponge,1,3,,3,,,MAH,,low,pools,y,
312,Cadlina luteomarginata,nudibranch,1,38,Myxilla incrustans,sponge,1,3,,3,,,MAH,,low,pools,y,
299,Navanax inermis,sea slug,1,315,Felimida macfarlandi,nudibranch,1,1,,3,,,MAH,,low,pools,y,
81,Bythotiara huntsmani,,,,Ascidia ceratodes,sponge,,,,,,,,,,,,
418,6,octopus,1,NA,Artemia salina,shrimp,1,1,,3,,,RIZ Lit Search: 156,"Baja CA, Mexico ",,,,
418,Octopus bimaculoides,octopus,1,566,Pachygrapsus crassipes,crab,1,1,,3,,,RIZ Lit Search: 157,"CA, USA",,,,
418,Octopus bimaculoides,octopus,1,558,Paraxanthias taylori,true crab ,1,1,,3,,,RIZ Lit Search: 157,"CA, USA",,,,
418,Octopus bimaculoides,octopus,1,549,Cancer antennarius,crab,1,1,,3,,,RIZ Lit Search: 157,"CA, USA",,,,
418,Octopus bimaculoides,octopus,1,524,Pagurus samuelis,hermit crab,1,1,,6,,,RIZ Lit Search: 157,"CA, USA",,,,
418,Octopus bimaculoides,octopus,1,525,Pagurus hirsutiusculus,hermit crab,1,1,,6,,,RIZ Lit Search: 157,"CA, USA",,,,
418,Octopus bimaculoides,octopus,1,526,Pagurus hemphilli,hermit crab,1,1,,6,,,RIZ Lit Search: 157,"CA, USA",,,,
418,Octopus bimaculoides,octopus,1,527,Pagurus granosimanus,hermit crab,1,1,,6,,,RIZ Lit Search: 157,"CA, USA",,,,
418,Octopus bimaculoides,octopus,1,237,Tegula funebralis ,snail,1,1,,3,,,RIZ Lit Search: 157,"CA, USA",,,,
418,Octopus bimaculoides,octopus,1,238,Tegula aureotincta,snail,1,1,,3,,,RIZ Lit Search: 157,"CA, USA",,,,
418,Octopus bimaculoides,octopus,1,239,Tegula gallina,snail,1,1,,3,,,RIZ Lit Search: 157,"CA, USA",,,,
418,Octopus bimaculoides,octopus,1,240,Tegula eiseni,snail,1,1,,3,,,RIZ Lit Search: 157,"CA, USA",,,,
418,Octopus bimaculoides,octopus,1,244,Megastrea undosa,snail,1,1,,3,,,RIZ Lit Search: 157,"CA, USA",,,,
418,Octopus bimaculoides,octopus,1,247,Littorina planaxis,snail,1,1,,6,,,RIZ Lit Search: 157,"CA, USA",,,,
418,Octopus bimaculoides,octopus,1,248,Littorina scutulata,snail,1,1,,6,,,RIZ Lit Search: 157,"CA, USA",,,,
418,Octopus bimaculoides,octopus,1,269,Trivia solandri,snail,1,1,,3,,,RIZ Lit Search: 157,"CA, USA",,,,
418,Octopus bimaculoides,octopus,1,270,Trivia californiana,snail,1,1,,3,,,RIZ Lit Search: 157,"CA, USA",,,,
418,Octopus bimaculoides,octopus,1,271,Cypraea spadicea,snail,1,1,,3,,,RIZ Lit Search: 157,"CA, USA",,,,
418,Octopus bimaculoides,octopus,1,287,Kelletia kelletii,snail,1,1,,3,,,RIZ Lit Search: 157,"CA, USA",,,,
418,Octopus bimaculoides,octopus,1,294,Olivella biplicata,snail,1,1,,3,,,RIZ Lit Search: 157,"CA, USA",,,,
418,Octopus bimaculoides,octopus,1,403,Stenoplax conspicua,chiton,1,1,,3,,,RIZ Lit Search: 157,"CA, USA",,,,
418,Octopus bimaculoides,octopus,1,407,Callistochiton crassiocostatus,chiton,1,1,,3,,,RIZ Lit Search: 157,"CA, USA",,,,
418,Octopus bimaculoides,octopus,1,408,Callistochiton palmulatus,chiton,1,1,,3,,,RIZ Lit Search: 157,"CA, USA",,,,
418,Octopus bimaculoides,octopus,1,370,Limaria hemphilli,bivalve,1,1,,3,,,RIZ Lit Search: 157,"CA, USA",,,,
418,Octopus bimaculoides,octopus,1,366,Mytilus californianus,bivalve,1,1,,3,,,RIZ Lit Search: 157,"CA, USA",,,,
418,Octopus bimaculoides,octopus,1,367,Mytilus edulis,bivalve,1,1,,3,,,RIZ Lit Search: 157,"CA, USA",,,,
418,Octopus bimaculoides,octopus,1,369,Hinnites giganteus,bivalve,1,1,,3,,,RIZ Lit Search: 157,"CA, USA",,,,
418,Octopus bimaculoides,octopus,1,418,Octopus bimaculoides,cephalopod,1,1,,3,,,RIZ Lit Search: 157,"CA, USA",,,,
418,Octopus bimaculoides,octopus,1,NA,Megapitaria squalida,clam,1,1,,3,,,RIZ Lit Search: 164,Mexico,,,,
418,Octopus bimaculoides,octopus,1,NA,Echiurus spp,worm,1,1,,3,,,RIZ Lit Search: 164,Mexico,,,,
418,Octopus bimaculoides,octopus,1,NA,Glycymeris gigantea,,1,1,,3,,,RIZ Lit Search: 164,Mexico,,,,
418,Octopus bimaculoides,octopus,1,NA,Trigoniocardia biangulata,scallop?,1,1,,3,,,RIZ Lit Search: 164,Mexico,,,,
418,Octopus bimaculoides,octopus,1,NA,Glycymeris multicostata,,1,1,,3,,,RIZ Lit Search: 164,Mexico,,,,
418,Octopus bimaculoides,octopus,1,235,Norrisia norris,snail,1,1,,3,,,RIZ Lit Search: 166,"CA, USA",,,,
NA,Stibarobdella moorei,parasite!,1,418,Octopus bimaculoides,octopus,1,7,,3,,,RIZ Lit Search: 168,Mexico,,,,
NA,Aggregata polibraxiona,parasite!,1,418,Octopus bimaculoides,octopus,1,6,,3,,,RIZ Lit Search: 169,Mexico ,,,,
418,Octopus bimaculoides,,1,NA,Scorpaena guttata,fish,1,1,,3,,,RIZ Lit Search: 172,"CA, USA",,,,
,,,,,,,,,,,,,,,,,,
,,,,,,,,,,,,,,,,,,
,,,,,,,,,,,,,,,,,,
,,,,,,,,,,,,,,,,,,
,,,,,,,,,,,,,,,,,,
316,Felimare porterae,nudibranch,1,NA,Dysidea amblia,sponge,1,3,,3,,,MAH,,low,pools,y,
317,Felimare californiensis,nudibranch,1,NA,Dysidea amblia,sponge,1,3,,3,,,MAH,,low,pools,y,
317,Felimare californiensis,nudibranch,1,NA,Steletta estrella,sponge,1,3,,3,,,MAH,,low,pools,y,
317,Felimare californiensis,nudibranch,1,70,Haliclona sp.,sponge,1,3,,3,,,MAH,,low,pools,y,
318,Hallaxa chani,nudibranch,1,58,Halisarca sp.,sponge,1,3,,3,,,161,"OR, USA",middle,pools,,
318,Hallaxa chani,nudibranch,1,179,Didemnum carnulentum,tunicate,1,3,,3,,,"MAH, 162","Morro Bay, CA, USA",low,pools,y,
319,Rostanga pulchra,nudibranch,1,62,Acarnus erithacus,sponge,1,3,,3,,,MAH,,low,pools,y,
323,Doris odhneri,nudibranch,1,69,Halichondria panicea,sponge,1,3,,3,,,MAH,,low,pools,y,
323,Doris odhneri,nudibranch,1,37,Myxilla agennes,sponge,1,3,,6,,,MAH,,low,pools,y,
323,Doris odhneri,nudibranch,1,38,Myxilla incrustans,sponge,1,3,,6,,,MAH,,low,pools,y,
323,Doris odhneri,nudibranch,1,NA,Stylissa sp.,,1,3,,,,,MAH,,low,pools,y,
323,Doris odhneri,nudibranch,1,NA,Tedania sp.,,1,3,,,,,MAH,,low,pools,y,
323,Doris odhneri,nudibranch,1,NA,Craniella sp.,,1,3,,,,,MAH,,low,pools,y,
323,Doris odhneri,nudibranch,1,NA,Syringella sp.,,1,3,,,,,MAH,,low,pools,y,
323,Doris odhneri,nudibranch,1,44,Mycale adhaerens,,1,3,,6,,,MAH,,low,pools,y,
323,Doris odhneri,nudibranch,1,45,Mycale hispida,,1,3,,6,,,MAH,,low,pools,y,
323,Doris odhneri,nudibranch,1,46,Mycale macginitiei,,1,3,,6,,,MAH,,low,pools,y,
323,Doris odhneri,nudibranch,1,47,Mycale richardsoni,,1,3,,6,,,MAH,,low,pools,y,
323,Doris odhneri,nudibranch,1,48,Mycale psila,,1,3,,6,,,MAH,,low,pools,y,
324,Doris montereyensis,nudibranch,1,69,Halichondria panicea,sponge,1,3,,3,,,MAH,,low,pools,y,
325,Peltodoris nobilis,nudibranch,1,69,Halichondria panicea,sponge,1,3,,3,,,MAH,,low,pools,y,
325,Peltodoris nobilis,nudibranch,1,65,Axocielita originalis,,1,3,,,,,,,,,,
325,Peltodoris nobilis,nudibranch,1,674,Hymedesmia arndti,sponge,1,3,,,,,,,,,,
325,Peltodoris nobilis,nudibranch,1,72,Acanthancora cyanocrypta,sponge,1,3,,,,,,,,,,
325,Peltodoris nobilis,nudibranch,1,33,Lissodendoryx firma,sponge,1,3,,,,,,,,,,
325,Peltodoris nobilis,nudibranch,1,629,Haliclona cinerea,,1,3,,,,,,,,,,
325,Peltodoris nobilis,nudibranch,1,44,Mycale adhaerens,,1,3,,6,,,MAH,,low,pools,y,
325,Peltodoris nobilis,nudibranch,1,45,Mycale hispida,,1,3,,6,,,MAH,,low,pools,y,
325,Peltodoris nobilis,nudibranch,1,46,Mycale macginitiei,,1,3,,6,,,MAH,,low,pools,y,
325,Peltodoris nobilis,nudibranch,1,47,Mycale richardsoni,,1,3,,6,,,MAH,,low,pools,y,
325,Peltodoris nobilis,nudibranch,1,48,Mycale psila,,1,3,,6,,,MAH,,low,pools,y,
327,Geitodoris heathi,nudibranch,1,51,Haliclona gellindra,,1,3,,3,,,MAH,,middle,pools,y,
327,Geitodoris heathi,nudibranch,1,38,Myxilla incrustans,,1,3,,4,,,MAH,,middle,pools,y,
327,Geitodoris heathi,nudibranch,1,70,Halichondria panicea,sponge,1,3,,4,,,MAH,,middle,pools,y,
354,Diaphoreolis lagunae,nudibranch,1,630,Barentsia romosa,Entoproct,1,3,,6,,,174,,low,pools,n,
355,Cuthona divae,nudibranch,1,630,Barentsia romosa,Entoproct,1,3,,6,,,174,,low,pools,n,
355,Cuthona divae,nudibranch,1,228,Hydractinia milleri,hydroid,1,3,,7-Jun,,,Jeff Goddard,,,,n,
329,Corambe pacifica,nudibranch ,1,NA,Membranipora villosa,Bryozoan,1,3,,3,,,RIZ Lit Seach: 162,"CA, USA",,,,
330,Doridella steinbergae,nudibranch ,1,NA,Membranipora serrilamella,Bryozoan,1,3,,3,,,RIZ Lit Seach: 162,"CA, USA",,,,
330,Doridella steinbergae,nudibranch ,1,NA,Membranipora membranacea,Bryozoan,1,3,,3,,,RIZ Lit Seach: 162,"CA, USA",,,,
331,Ancula pacifica,nudibranch ,1,630,Barentsia romosa,Entoproct,1,3,,3,,,RIZ Lit Seach: 162,"CA, USA",,,,
335,Okenia rosaceae,nudibranch ,1,134,Integripelta bilabiata,Bryozoan,1,3,,3,,,RIZ Lit Seach: 162,"CA, USA",,,,
343,Triopha maculata,nudibranch ,1,NA,Scrupocellaria californica,Bryozoan,1,3,,3,,,RIZ Lit Seach: 162,"CA, USA",,,,
343,Triopha maculata,nudibranch ,1,131,Dendrobeania laxa,Bryozoan,1,3,,3,,,RIZ Lit Seach: 162,"CA, USA",,,,
343,Triopha maculata,nudibranch ,1,NA,Caulibugula ciliata,Bryozoan,1,3,,3,,,RIZ Lit Seach: 162,"CA, USA",,,,
343,Triopha maculata,nudibranch ,1,NA,Bugula mollis,Bryozoan,1,3,,3,,,RIZ Lit Seach: 162,"CA, USA",,,,
343,Triopha maculata,nudibranch ,1,NA,Tricellaria sp. ,Bryozoan,1,3,,3,,,RIZ Lit Seach: 162,"CA, USA",,,,
343,Triopha maculata,nudibranch ,1,NA,Crisia occidentalis,Bryozoan,1,3,,3,,,RIZ Lit Seach: 162,"CA, USA",,,,
343,Triopha maculata,nudibranch ,1,138,Filicrisia franciscana,Bryozoan,1,3,,3,,,RIZ Lit Seach: 162,"CA, USA",,,,
345,Laila cockerelli,nudibranch ,1,632,Hincksina velata,Bryozoan,1,3,,3,,,RIZ Lit Seach: 162 MAH,"CA, USA",,,,
311,Cadlina flavomaculata,nudibranch ,1,NA,Aplysilla glacialis,,1,3,,3,,,RIZ Lit Seach: 162,"CA, USA",,,,
313,Cadlina modesta,nudibranch ,1,NA,Aplysilla glacialis,,1,3,,3,,,RIZ Lit Seach: 162,"CA, USA",,,,
312,Cadlina luteomarginata,nudibranch ,1,69,Halichondria panicea,sponge,1,3,,3,,,RIZ Lit Seach: 162,"CA, USA",,,,
312,Cadlina luteomarginata,nudibranch ,1,38,Myxilla incrustans,sponge,1,3,,3,,,RIZ Lit Seach: 162,"CA, USA",,,,
312,Cadlina luteomarginata,nudibranch ,1,71,Higginsia sp. ,,1,3,,3,,,RIZ Lit Seach: 162,"CA, USA",,,,
317,Hypselodoris californiensis,nudibranch ,1,80?,Stelletta estrella,sponge,1,3,,3,,,RIZ Lit Seach: 162,"CA, USA",,,,
317,Hypselodoris californiensis,nudibranch ,1,70,Haliclona sp. ,sponge,1,3,,3,,,RIZ Lit Seach: 162,"CA, USA",,,,
318,Hallaxa chani,nudibranch ,1,179,Didemnum carnulentum,tunicate,1,3,,3,,,RIZ Lit Seach: 162,"CA, USA",,,,
319,Rostanga pulchra,nudibranch ,1,NA,Esperiopsis originalis,,1,3,,3,,,RIZ Lit Seach: 162,"CA, USA",,,,
319,Rostanga pulchra,nudibranch ,1,NA,Plocamia lithophoenix,sponge,1,3,,3,,,RIZ Lit Seach: 162,"CA, USA",,,,
319,Rostanga pulchra,nudibranch ,1,21?,P. karykina,sponge,1,3,,3,,,RIZ Lit Seach: 162,"CA, USA",,,,
319,Rostanga pulchra,nudibranch ,1,NA,Acarnis erithacus,sponge,1,3,,3,,,RIZ Lit Seach: 162,"CA, USA",,,,
319,Rostanga pulchra,nudibranch ,1,NA,Ophiltaspongia pennata,,1,3,,3,,,RIZ Lit Seach: 162,"CA, USA",,,,
324,Archidoris montereyensis,nudibranch ,1,69,Halichondria panicea,sponge,1,3,,3,,,RIZ Lit Seach: 162,"CA, USA",,,,
323,Archidoris odhneri,nudibranch ,1,69,Halichondria panicea,sponge,1,3,,3,,,RIZ Lit Seach: 162,"CA, USA",,,,
323,Archidoris odhneri,nudibranch ,1,38,Myxilla incrustans,bryozoan,1,3,,3,,,RIZ Lit Seach: 162,"CA, USA",,,,
323,Archidoris odhneri,nudibranch ,1,45,Mycale adhaerens,sponge,1,3,,3,,,RIZ Lit Seach: 162,"CA, USA",,,,
323,Archidoris odhneri,nudibranch ,1,NA,Stylissa stipitata,sponge,1,3,,3,,,RIZ Lit Seach: 162,"CA, USA",,,,
323,Archidoris odhneri,nudibranch ,1,41,Tedania obscurata,sponge,1,3,,3,,,RIZ Lit Seach: 162,"CA, USA",,,,
323,Archidoris odhneri,nudibranch ,1,42,Tedania gurjanovae,sponge,1,3,,3,,,RIZ Lit Seach: 162,"CA, USA",,,,
323,Archidoris odhneri,nudibranch ,1,43,Tedania toxicalis,sponge,1,3,,3,,,RIZ Lit Seach: 162,"CA, USA",,,,
323,Archidoris odhneri,nudibranch ,1,NA,Craniella sp. ,sponge,1,3,,3,,,RIZ Lit Seach: 162,"CA, USA",,,,
324,Anisodoris nobilis,nudibranch ,1,37,Myxilla agennes,sponge,1,3,,3,,,RIZ Lit Seach: 162,"CA, USA",,,,
324,Anisodoris nobilis,nudibranch ,1,NA,Paresperella psila,sponge,1,3,,3,,,RIZ Lit Seach: 162,"CA, USA",,,,
324,Anisodoris nobilis,nudibranch ,1,NA,Zygherpe hyaloderma,,1,3,,3,,,RIZ Lit Seach: 162,"CA, USA",,,,
324,Anisodoris nobilis,nudibranch ,1,45,Mycale adhaerens,sponge,1,3,,3,,,RIZ Lit Seach: 162,"CA, USA",,,,
324,Anisodoris nobilis,nudibranch ,1,46,Mycale macginiitiei,sponge,1,3,,3,,,RIZ Lit Seach: 162,"CA, USA",,,,
324,Anisodoris nobilis,nudibranch ,1,NA,Prianos sp. ,,1,3,,3,,,RIZ Lit Seach: 162,"CA, USA",,,,
324,Anisodoris nobilis,nudibranch ,1,70,Haliclona permollis ,sponge,1,3,,3,,,RIZ Lit Seach: 162,"CA, USA",,,,
324,Anisodoris nobilis,nudibranch ,1,70,Halichondria panicea,sponge,1,3,,3,,,RIZ Lit Seach: 162,"CA, USA",,,,
324,Anisodoris nobilis,nudibranch ,1,33,Lissodendoryx firma,sponge,1,3,,3,,,RIZ Lit Seach: 162,"CA, USA",,,,
326,Diaulula sandiegensis,nudibranch ,1,NA,Petrosia dura,sponge,1,3,,3,,,RIZ Lit Seach: 162,"CA, USA",,,,
326,Diaulula sandiegensis,nudibranch ,1,NA,Halichondria bowerbanki,sponge,1,3,,3,,,RIZ Lit Seach: 162,"CA, USA",,,,
326,Diaulula sandiegensis,nudibranch ,1,70,Haliclona permollis ,sponge,1,3,,3,,,RIZ Lit Seach: 162,"CA, USA",,,,
328,Doriopsilla albopunctata,nudibranch ,1,66,Cliona celata,sponge,1,3,,3,,,RIZ Lit Seach: 162,"CA, USA",,,,
328,Doriopsilla albopunctata,nudibranch ,1,NA,Ficulina suberea,sponge,1,3,,3,,,RIZ Lit Seach: 162,"CA, USA",,,,
328,Doriopsilla albopunctata,nudibranch ,1,NA,Acarnis erithacus,sponge,1,3,,3,,,RIZ Lit Seach: 162,"CA, USA",,,,
328,Doriopsilla albopunctata,nudibranch ,1,NA,Suberites sp. ,sponge,1,3,,3,,,RIZ Lit Seach: 162,"CA, USA",,,,
346,Tritonia festiva,nudibranch ,1,96,Clavularia sp. ,coral,1,3,,3,,,RIZ Lit Seach: 162,"CA, USA",,,,
346,Tritonia festiva,nudibranch ,1,NA,Ptilosarcus gurneyi,sea pen,1,3,,3,,,RIZ Lit Seach: 162,"CA, USA",,,,
346,Tritonia festiva,nudibranch ,1,NA,Lophogorgia chilensis,coral,1,3,,3,,,RIZ Lit Seach: 162,"CA, USA",,,,
348,Dirona albolineata,nudibranch ,1,234,Margarites pupillus,snail,1,1,,3,,,"RIZ Lit Seach: 162, 108","CA, USA",,,,
348,Dirona albolineata,nudibranch ,1,NA,Margarites helicinus ,snail,1,1,,3,,,"RIZ Lit Seach: 162, 108","CA, USA",,,,
348,Dirona albolineata,nudibranch ,1,NA,Lacuna vincta (carinata),snail,1,1,,3,3,,"RIZ Lit Seach: 162, 108","CA, USA",,,,
349,Dirona picta,nudibranch ,1,91,Aglaophenia struthionides,Hydroid,1,3,,,,,,,,,,
349,Dirona picta,nudibranch ,1,92,Aglaophenia latirostris,Hydroid,1,3,,,,,,,,,,
349,Dirona picta,nudibranch ,1,635,Celleporella hyalina,Bryozoan,1,3,,3,,,RIZ Lit Seach: 162,"CA, USA",,,,
349,Dirona picta,nudibranch ,1,,Thaumatoporella sp.,,1,3,,3,,,MAH,,low,pools,y,
350,Antiopella barbarensis,nudibranch ,1,130,Bugula californica,Bryozoan,1,3,,3,,,RIZ Lit Seach: 162,"CA, USA",,,,
350,Antiopella barbarensis,nudibranch ,1,NA,Corymorpha palma,hydroid,1,3,,3,,,"RIZ Lit Seach: 162, MAH","CA, USA",low,pools,y,yes
353,Flabellinopsis iodinea,nudibranch ,1,85,Eudendrium ramosum,hydroid,1,3,,3,,,RIZ Lit Seach: 162,"CA, USA",,,,
353,Flabellinopsis iodinea,nudibranch ,1,181,Diplosoma listerianum,tunicate,1,3,,3,,,RIZ Lit Seach: 162,"CA, USA",,,,
357,Hermissenda crassicornis,nudibranch ,1,NA,Ptilosarcus gurneyi,sea pen,1,3,,3,,,RIZ Lit Seach: 162,"CA, USA",,,,
357,Hermissenda crassicornis,nudibranch ,1,85,Obelia dichotoma,hydroid,,3,,,,,,,,,,
357,Hermissenda crassicornis,nudibranch ,1,86,Obelia bidentata,hydroid,,3,,,,,,,,,,
357,Hermissenda crassicornis,nudibranch ,1,87,Obelia geniculata,hydroid,,3,,,,,,,,,,
356,Phidiana pugnax,nudibranch ,1,228,Hydractinia milleri,hydroid,1,3,,3,,,RIZ Lit Seach: 162,"CA, USA",,,,
358,Aeolidia loui,nudibranch ,1,NA,Tealia crassicornis,anemone,1,3,,3,,,RIZ Lit Seach: 162,"CA, USA",,,,
358,Aeolidia loui,nudibranch ,1,NA,Actinia equina,anemone,1,3,,3,,,RIZ Lit Seach: 162,"CA, USA",,,,
358,Aeolidia loui,nudibranch ,1,NA,Anemonia sulcata,anemone,1,3,,3,,,RIZ Lit Seach: 162,"CA, USA",,,,
358,Aeolidia loui,nudibranch ,1,NA,Diadumene cincta,anemone,1,3,,3,,,RIZ Lit Seach: 162,"CA, USA",,,,
358,Aeolidia loui,nudibranch ,1,NA,Metridium marginatum ,anemone,1,3,,3,,,RIZ Lit Seach: 162,"CA, USA",,,,
358,Aeolidia loui,nudibranch ,1,NA,Metridium senile,anemone,1,3,,3,,,"MAH, 162","CA, USA",,,,
358,Aeolidia loui,nudibranch ,1,NA,Sargatia troglodytes,anemone,1,3,,3,,,RIZ Lit Seach: 162,"CA, USA",,,,
358,Aeolidia loui,nudibranch ,1,NA,Sargatiogeton undata,anemone,1,3,,3,,,RIZ Lit Seach: 162,"CA, USA",,,,
358,Aeolidia loui,nudibranch ,1,NA,Stomphia coccinea,anemone,1,3,,3,,,RIZ Lit Seach: 162,"CA, USA",,,,
358,Aeolidia loui,nudibranch ,1,NA,Tealia felina,anemone,1,3,,3,,,RIZ Lit Seach: 162,"CA, USA",,,,
358,Aeolidia loui,nudibranch ,1,NA,Tubularia indivisa,Hydrozoan,1,3,,3,,,RIZ Lit Seach: 162,"CA, USA",,,,
358,Aeolidia loui,nudibranch ,1,NA,Tealiopsis stella ,anemone,1,3,,3,,,RIZ Lit Seach: 162,"CA, USA",,,,
358,Aeolidia loui,nudibranch ,1,NA,Metridium dianthus ,anemone,1,3,,3,,,RIZ Lit Seach: 162,"CA, USA",,,,
358,Aeolidia loui,nudibranch ,1,102,Epiactis prolifera ,anemone,1,3,,3,,,"MAH, 162","CA, USA",,,,
358,Aeolidia loui,nudibranch ,1,99,Anthopluera xanthogrammica ,anemone,1,3,,3,,,RIZ Lit Seach: 162,"CA, USA",,,,
358,Aeolidia loui,nudibranch ,1,NA,Diadumene luciae,anemone,1,3,,3,,,RIZ Lit Seach: 162,"CA, USA",,,,
358,Aeolidia loui,nudibranch ,1,106,Tealia coriacea,anemone,1,3,,3,,,RIZ Lit Seach: 162,"CA, USA",,,,
358,Aeolidia loui,nudibranch ,1,104,Anthopluera artesima ,anemone,1,3,,3,,,RIZ Lit Seach: 162,"CA, USA",,,,
358,Aeolidia loui,nudibranch ,1,110,Corynactis californica ,anemone,1,3,,3,,,RIZ Lit Seach: 162,"CA, USA",,,,
358,Aeolidia loui,nudibranch ,1,NA,Actinothoe Sphyrodeta,anemone,1,3,,3,,,RIZ Lit Seach: 162,"CA, USA",,,,
358,Aeolidia loui,nudibranch ,1,NA,Anthopleura bali,anemone,1,3,,3,,,RIZ Lit Seach: 162,"CA, USA",,,,
358,Aeolidia loui,nudibranch ,1,NA,Sargatia elegans,anemone,1,3,,3,,,RIZ Lit Seach: 162,"CA, USA",,,,
358,Aeolidia loui,nudibranch ,1,NA,Aiptasia couchi ,anemone,1,3,,3,,,RIZ Lit Seach: 162,"CA, USA",,,,
358,Aeolidia loui,nudibranch ,1,NA,Cereus pendunculatus ,anemone,1,3,,3,,,RIZ Lit Seach: 162,"CA, USA",,,,
358,Aeolidia loui,nudibranch ,1,110,Corynactis viridis ,anemone,1,3,,3,,,RIZ Lit Seach: 162,"CA, USA",,,,
358,Aeolidia loui,nudibranch ,1,101,Anthopleura elegantissima ,anemone,1,3,,3,,,"MAH, 162","CA, USA",,,,
359,Spurilla olivae,nudibranch ,1,107,Metridium senile,anemone,1,3,,3,,,RIZ Lit Seach: 162,"CA, USA",,,,
317,Felimare californiensis,nudibranch ,1,81,Stelletta estrella ,sponge,1,3,,3,,,RIZ Lit Search: 163,"CA, USA",,,,
317,Felimare californiensis,nudibranch ,1,70,Haliclona sp. ,sponge,1,3,,3,,,RIZ Lit Search: 163,"CA, USA",,,,
325,Peltodoris nobilis,nudibranch ,1,38,Myxilla agennes,sponge,1,3,,3,,,RIZ Lit Search: 163,"CA, USA",,,,
325,Peltodoris nobilis,nudibranch ,1,NA,Paresperella psila,sponge,1,3,,3,,,RIZ Lit Search: 163,"CA, USA",,,,
325,Peltodoris nobilis,nudibranch ,1,NA,Zygherpe hyaloderma,,1,3,,3,,,RIZ Lit Search: 163,"CA, USA",,,,
325,Peltodoris nobilis,nudibranch ,1,47,Mycale macginiitiei,sponge,1,3,,3,,,RIZ Lit Search: 163,"CA, USA",,,,
325,Peltodoris nobilis,nudibranch ,1,NA,Prianos sp. ,,1,3,,3,,,RIZ Lit Search: 163,"CA, USA",,,,
335,Okenia rosaceae,nudibranch ,1,135,Eurystomella bilabiata,bryozoan,1,3,,3,,,RIZ Lit Search: 163,"CA, USA",,,,
326,Diaulula sandiegensis,nudibranch ,1,37,Myxilla agennes,sponge,1,3,,3,,,MAH,,low,pools,y,
326,Diaulula sandiegensis,nudibranch ,1,38,Myxilla incrustans,sponge,1,3,,3,,,MAH,,low,pools,y,
338,Acanthodoris rhodoceras,nudibranch,1,631,Alcyonidium sp.,bryozoan,1,3,,3,,,175,"Santa Barbara, CA",low,pools,n,
299,Navanax inermis,nudibranch,1,344,Aegires albopunctatus,nudibranch,1,1,,3,,,MAH,,low,pools,y,
347,Doto amyra,nudibranch,1,85,Obelia dichotoma,hydroid,1,3,,6,,,MAH,,low,pools,y,
347,Doto amyra,nudibranch,1,86,Obelia bidentata,hydroid,1,3,,6,,,MAH,,low,pools,y,
347,Doto amyra,nudibranch,1,87,Obelia geniculata,hydroid,1,3,,6,,,MAH,,low,pools,y,
347,Doto amyra,nudibranch,1,90,Abietinaria sp.,hydroid,1,3,,3,,,MAH,,low,pools,y,
634,Doto kya,nudibranch,1,90,Abietinaria sp.,hydroid,1,3,,3,,,MAH,,low,pools,y,
634,Doto kya,nudibranch,1,85,Obelia dichotoma,hydroid,1,3,,1,,,"LSM, PO1",,low,pools,n,
634,Doto kya,nudibranch,1,91,Aglaophenia struthioides,hydroid,1,3,,3,,,LSM,,low,pools,n,
634,Doto kya,nudibranch,1,84,Eudendrium californicum,hydroid,1,3,,3,,,LSM,,low,pools,n,
634,Doto kya,nudibranch,1,93,Plumularia sp.,hydroid,1,3,,3,,,LSM,,low,pools,n,
634,Doto kya,nudibranch,1,,Sarsia sp.,hydroid,1,3,,3,,,LSM,,low,pools,n,
634,Doto kya,nudibranch,1,89,Xingyurella turgida,hydroid,1,3,,3,,,LSM,,low,pools,n,
635,Celleporella hyalina,Bryozoan,1,524,Pagurus samuelis,hermit crab,1,2,,6,,,LSM,,all,pools,n,
635,Celleporella hyalina,Bryozoan,1,525,Pagurus hirsutiusculus,hermit crab,1,2,,6,,,LSM,,all,pools,n,
635,Celleporella hyalina,Bryozoan,1,526,Pagurus hemphilli,hermit crab,1,2,,6,,,LSM,,all,pools,n,
635,Celleporella hyalina,Bryozoan,1,527,Pagurus granosimanus,hermit crab,1,2,,6,,,LSM,,all,pools,n,
348,Dirona albolineata,nudibranch,1,91,Aglaophenia struthioides,hydroid,1,3,,3,,,108,,,,,
348,Dirona albolineata,nudibranch,1,129,Bugula californica,bryozoan,1,3,,6,,,108,,,,,
348,Dirona albolineata,nudibranch,1,130,Bugula neritina,bryozoan,1,1,,6,,,108,,,,,
348,Dirona albolineata,nudibranch,1,636,Dendrobeania lichenoides,bryozoan,1,3,,3,,,LAS,,low,pools,n,yes
348,Dirona albolineata,nudibranch,1,463,Balanus glandula,barnacle,1,1,,6,,,LAS,,low,pools,n,yes
348,Dirona albolineata,nudibranch,1,464,Balanus glandula,barnacle,5,1,,6,,,LAS,,low,pools,n,yes
348,Dirona albolineata,nudibranch,1,465,Balanus crenatus,barnacle,1,1,,6,,,LAS,,low,pools,n,yes
348,Dirona albolineata,nudibranch,1,466,Balanus trigonus,barnacle,1,1,,6,,,LAS,,low,pools,n,yes
350,Antiopella barbarensis,nudibranch,1,129,Bugula californica,bryozoan,1,3,,3,,,MAH,,low,pools,y,yes
351,Orienthella trilineata,nudibranch,1,637,Ectopleura crocea,hydroid,1,3,,3,,,MAH,,low,pools,y,yes
351,Orienthella trilineata,nudibranch,1,84,Eudendrium californicum,hydroid,1,3,,6,,,MAH,,low,pools,y,yes
352,Orienthella cooperi,nudibranch,1,637,Ectopleura crocea,hydroid,1,3,,3,,,MAH,,low,pools,y,yes
299,Navanax inermis,nudibranch,1,353,Flabellinopsis iodinea,nudibranch ,1,1,,3,,,MAH,,low,pools,y,yes
354,Diaphoreolis lagunae,nudibranch,1,89,Xingyurella turgida,hydroid,1,3,,,,,,,low,pools,n,yes
355,Cuthona divae,nudibranch,1,NA,Corymorpha sp.,hydroid,1,3,,3,,,LAS,,low,pools,n,yes
356,Phidiana hiltoni,nudibranch,1,228,Hydractinia milleri,hydroid,1,3,,6,,,MAH,,low,pools,y,yes
357,Hermissenda opalescens,nudibranch,1,357,Hermissenda opalescens,nudibranch,1,1,,3,,,MAH,,,,,
638,Hemicyclops thysanotus,copepod,1,357,Hermissenda opalescens,nudibranch,1,7,,3,,,"MAH, 176",,low,pools,y,no
357,Hermissenda opalescens,nudibranch,1,171,Aplidium solidum,tunicate,1,3,,3,,,MAH,,low,pools,y,yes
358,Aeolidia loui,nudibranch ,1,105,Urticina coriacea,anemone,1,,,3,,,MAH,,,,,
358,Aeolidia loui,nudibranch ,1,104,Urticina crassicornis,anemone,1,,,3,,,MAH,,,,,
231,Calliostoma caniculatum,nudibranch ,1,587,Macrocystis pyrifera,algae,1,3,,3,,,MAH,,low,pools,y,yes
359,Antaeolidella olivae,nudibranch,1,107,Metridium senile,anemone,1,3,,3,,,MAH,,low,pools,y,yes
359,Antaeolidella olivae,nudibranch,1,102,Epiactis prolifera,anemone,1,3,,3,,,MAH,,low,pools,y,yes
359,Antaeolidella olivae,nudibranch,1,109,Coryanactis californica,anemone,1,3,,3,,,MAH,,low,pools,y,yes
,Enhydra lutris,,1,366,Mytilus californianus,bivalve,,,,,,,,,,,,
559,Fabia subquadrata,pea crab,1,366,Mytilus californianus,bivalve,1,6,,3,,,MAH,,all,exposed,y,no
639,Achelia chelata,sea spider,1,366,Mytilus californianus,bivalve,1,6,,3,,,"MAH, 177",Duxbury Reef,all,exposed,y,no
150,Pisaster ochraceus,sea star,1,367,Mytilus edulis,bivalve,1,1,,3,,,MAH,,high,exposed,y,yes
549,Cancer antennarius,crab,1,367,Mytilus edulis,bivalve,1,1,,3,,,MAH,,low,pools,y,no
566,Pachygraspus crassipes,crab,1,367,Mytilus edulis,bivalve,1,1,,3,,,MAH,,high,exposed,y,no
150,Pisaster ochraceus,sea star,1,368,Mytilisepta bifurcata,bivalve,1,1,,3,,,MAH,,middle,exposed,y,yes
150,Pisaster ochraceus,sea star,1,369,Crassadoma gigantea,bivalve,1,1,,3,,,MAH,,low,exposed,y,yes
,Enhydra lutris,mammal,1,372,Chama arcana,bivalve,1,1,,3,,,MAH,,low,pools,y,yes
374,Lasaea cistula,bivalve,1,640,Endocladia muricata,algae,1,2,,3,,,MAH,,high,exposed,y,no
375,Lasaea subviridis,bivalve,1,366,Mytilus californianus,bivalve,1,2,,6,,,MAH,,high,exposed,y,no
375,Lasaea subviridis,bivalve,1,367,Mytilus edulis,bivalve,1,2,,6,,,MAH,,high,exposed,y,no
418,Octopus bimaculoides,octopus,1,403,Stenoplax conspicua,chiton,1,1,,6,,,MAH,,low,pools,y,yes
641,Teinostoma supravallatum,,1,403,Stenoplax conspicua,chiton,,,,,,,,,,,,
,Pristes oblongus,,,403,Stenoplax conspicua,chiton,,,,,,,,,,,,
401,Stenoplax heathiana,chiton,1,,Plocamium violacium,algae,1,3,,3,,,178,,middle,both,n,yes
401,Stenoplax heathiana,chiton,1,,Gigartina canaliculata,algae,1,3,,3,,,178,,middle,both,n,yes
401,Stenoplax heathiana,chiton,1,,Polysiphonia sp.,algae,1,3,,3,,,178,,middle,both,n,yes
401,Stenoplax heathiana,chiton,1,601,Ulva sp.,algae,1,3,,3,,,178,,middle,both,n,yes
401,Stenoplax heathiana,chiton,1,,Rhodymenia lobata,,1,3,,3,,,178,,middle,both,n,yes
401,Stenoplax heathiana,chiton,1,642,fish eggs,gametes,1,3,,3,,,178,,middle,both,n,yes
401,Stenoplax heathiana,chiton,1,,Gigartina non-canaliculata,algae,1,3,,3,,,178,,middle,both,n,yes
401,Stenoplax heathiana,chiton,1,613,Corallina chilensis,coralline algae,1,3,,3,,,178,,middle,both,n,yes
401,Stenoplax heathiana,chiton,1,607,Phyllospadix torreyi,angiosperm,1,3,,3,,,178,,middle,both,n,yes
401,Stenoplax heathiana,chiton,1,608,Phyllospadix scouleri,angiosperm,1,3,,3,,,178,,middle,both,n,yes
,,,,,,,,,,,,,,,,,,
150,Pisaster ochraceus,sea star,1,404,Tonicella lineata,chiton,1,1,,3,,,MAH,,low,both,y,yes
150,Leptasterias hexactis,seastar,1,404,Tonicella lineata,chiton,1,1,,3,,,MAH,,low,both,y,yes
405,Cyanoplax hartwegii,chiton,1,652,Sylvetia sp.,algae,1,3,,3,,,MAH,,high,pools,y,yes
405,Cyanoplax hartwegii,chiton,1,653,Hildenbrandia sp.,algae,1,3,,3,,,MAH,,high,pools,y,yes
405,Cyanoplax hartwegii,chiton,1,654,Mastocarpus sp.,algae,1,3,,3,,,MAH,,high,pools,y,yes
405,Cyanoplax hartwegii,chiton,1,640,Endocladia muricata,algae,1,3,,6,,,MAH,,high,pools,y,yes
405,Cyanoplax hartwegii,chiton,1,656,Cladophora columbiana,algae,1,3,,6,,,MAH,,high,pools,y,yes
409,Nuttallina californica,chiton,1,656,Cladophora columbiana,algae,1,3,,3,,,MAH,,middle,exposed,y,yes
409,Nuttallina californica,chiton,1,640,Endocladia muricata,algae,1,3,,3,,,MAH,,middle,exposed,y,yes
409,Nuttallina californica,chiton,1,655,Gelidium sp.,,1,3,,3,,,MAH,,middle,exposed,y,yes
640,Endocladia muricata,algae,1,409,Nuttallina californica,chiton,1,2,,3,,,MAH,,middle,exposed,y,NA
661,Polysiphonia sp.,algae,1,409,Nuttallina californica,chiton,1,2,,3,,,MAH,,middle,exposed,y,NA
656,Cladophora columbiana,algae,1,409,Nuttallina californica,chiton,1,2,,6,,,MAH,,middle,exposed,y,NA
613,Corallina chilensis,algae,1,409,Nuttallina californica,chiton,1,2,,6,,,MAH,,middle,exposed,y,NA
614,Corallina vancouveriensis,algae,1,409,Nuttallina californica,chiton,1,2,,6,,,,,,,,
411,Mopalia muscosa,chiton,1,659,Mastocarpus papillatus,,1,2,,3,,,MAH,,middle,both,y,yes
411,Mopalia muscosa,chiton,1,640,Endocladia muricata,,1,2,,3,,,MAH,,middle,both,y,yes
411,Mopalia muscosa,chiton,1,656,Cladophora columbiana,,1,2,,3,,,MAH,,middle,both,y,yes
,Cyanoplax dentiens,,,,Nuttallina californica,,WHAT IS THIS RECHECK MAH,,,,,,,,,,,
660,Larus occidentalis,bird,1,409,Nuttallina californica,chiton,1,1,,3,,,MAH,,middle,both,y,yes
662,Nexilis epichitonius,flatworm,1,413,Mopalia hindsii,chiton,1,9,,3,,,MAH,,middle,exposed,y,NA
413,Mopalia hindsii,chiton,1,38,Myxilla incrustans,sponge,1,3,,7,,,3,,low,exposed,n,yes
417,Cryptochiton stelleri,chiton,1,659,Mastocarpus papillatus,algae,1,3,,3,,,MAH,,low,pools,y,yes
417,Cryptochiton stelleri,chiton,1,663,Mazzaella laminarioides,algae,1,3,,6,,,MAH,,low,pools,y,yes
417,Cryptochiton stelleri,chiton,1,646,Mazzaella splendens,algae,1,3,,6,,,MAH,,low,pools,y,yes
417,Cryptochiton stelleri,chiton,1,664,Plocamium,algae,1,3,,3,,,MAH,,low,pools,y,yes
417,Cryptochiton stelleri,chiton,1,601,Ulva sp.,algae,1,3,,3,,,MAH,,low,pools,y,yes
417,Cryptochiton stelleri,chiton,1,587,Macrocystis pyrifera,algae,1,3,,6,,,MAH,,low,pools,y,yes
417,Cryptochiton stelleri,chiton,1,624,Laminaria sp.,algae,1,3,,3,,,MAH,,low,pools,y,yes
424,Arctonoe vittata,polychaete,1,417,Cryptochiton stelleri,chiton,1,9,,3,,,MAH,,low,pools,y,yes
565,Opisthopus transversus,decapod,1,417,Cryptochiton stelleri,chiton,1,9,,3,,,MAH,,low,pools,y,yes
418,Octopus bimaculoides,octopus,1,,CRUSTACEANS???,,1,1,,,,,MAH,,low,pools,y,yes
418,Octopus bimaculoides,octopus,1,213,Notoacmea inessa,limpet,1,1,,6,,,MAH,,low,pools,y,yes
418,Octopus bimaculoides,octopus,1,214,Notoacmea paleacea,limpet,1,1,,6,,,MAH,,low,pools,y,yes
418,Octopus bimaculoides,octopus,1,229,Haliotis cracherodii,snail,1,1,,3,,,MAH,,low,pools,y,yes
418,Octopus bimaculoides,octopus,1,294,Olivella biplicata,snail,1,1,,3,,,MAH,,low,pools,y,yes
418,Octopus bimaculoides,octopus,1,237,Tegula funebralis,snail,1,1,,3,,,MAH,,low,pools,y,yes
418,Octopus bimaculoides,octopus,1,239,Tegula gallina,snail,1,1,,3,,,MAH,,low,pools,y,yes
418,Octopus bimaculoides,octopus,1,,Protothaca staminea,bivalve,1,1,,3,,,MAH,,low,pools,y,yes
418,Octopus bimaculoides,octopus,1,524,Pagurus samuelis,hermit crab,1,1,,6,,,MAH,,low,pools,y,yes
418,Octopus bimaculoides,octopus,1,525,Pagurus hirsutiusculus,hermit crab,1,1,,6,,,MAH,,low,pools,y,yes
418,Octopus bimaculoides,octopus,1,526,Pagurus hemphilli,hermit crab,1,1,,6,,,MAH,,low,pools,y,yes
418,Octopus bimaculoides,octopus,1,527,Pagurus granosimanus,hermit crab,1,1,,6,,,MAH,,low,pools,y,yes
418,Octopus bimaculoides,octopus,1,367,Mytilus edulis,bivalve,1,1,,3,,,MAH,,low,pools,y,yes
418,Octopus bimaculoides,octopus,1,3,Hypsoblennius gilberti,fish,1,1,,3,,,MAH,,low,pools,y,yes
418,Octopus bimaculoides,octopus,1,,Hypsoblennius gentilis,fish,1,1,,3,,,MAH,,low,pools,y,yes
418,Octopus bimaculoides,octopus,1,287,Kelletia kelletii,,1,1,,3,,,MAH,,low,pools,y,yes
418,Octopus bimaculoides,octopus,1,235,Norrisia norrisii,,1,1,,3,,,MAH,,low,pools,y,yes
418,Octopus bimaculoides,octopus,1,244,Megastrea undosa,,1,1,,3,,,MAH,,low,pools,y,yes
418,Octopus bimaculoides,octopus,1,197,Lottia asmi,limpet,1,1,,6,,,MAH,,low,pools,y,yes
418,Octopus bimaculoides,octopus,1,198,Lottia austrodigitalis,limpet,1,1,,6,,,MAH,,low,pools,y,yes
418,Octopus bimaculoides,octopus,1,199,Lottia digitalis,limpet,1,1,,6,,,MAH,,low,pools,y,yes
418,Octopus bimaculoides,octopus,1,200,Lottia fenestrata,limpet,1,1,,6,,,MAH,,low,pools,y,yes
418,Octopus bimaculoides,octopus,1,201,Lottia gigantea,limpet,1,1,,6,,,MAH,,low,pools,y,yes
418,Octopus bimaculoides,octopus,1,202,Lottia instabilis,limpet,1,1,,6,,,MAH,,low,pools,y,yes
418,Octopus bimaculoides,octopus,1,203,Lottia limatula,limpet,1,1,,6,,,MAH,,low,pools,y,yes
418,Octopus bimaculoides,octopus,1,204,Lottia ochracea,limpet,1,1,,6,,,MAH,,low,pools,y,yes
418,Octopus bimaculoides,octopus,1,205,Lottia strigatella,limpet,1,1,,6,,,MAH,,low,pools,y,yes
418,Octopus bimaculoides,octopus,1,206,Lottia strigatella,limpet,1,1,,6,,,MAH,,low,pools,y,yes
418,Octopus bimaculoides,octopus,1,207,Lottia paradigitalis,limpet,1,1,,6,,,MAH,,low,pools,y,yes
418,Octopus bimaculoides,octopus,1,208,Lottia pelta,limpet,1,1,,6,,,MAH,,low,pools,y,yes
418,Octopus bimaculoides,octopus,1,209,Lottia persona,limpet,1,1,,6,,,MAH,,low,pools,y,yes
418,Octopus bimaculoides,octopus,1,210,Lottia scabra,limpet,1,1,,6,,,MAH,,low,pools,y,yes
418,Octopus bimaculoides,octopus,1,211,Lottia sp.,limpet,1,1,,3,,,MAH,,low,pools,y,yes
665,Dicyema sullivani,other eukaryotic parasite,6,418,Octopus bimaculoides,cephalopod,1,7,,3,,,MAH,,low,pools,y,NA
666,Dicyemennea californica,other eukaryotic parasite,6,418,Octopus bimaculoides,cephalopod,1,7,,3,,,MAH,,low,pools,y,NA
667,Dicyemmenea adscita,other eukaryotic parasite,6,419,Octopus rufescens,cephalopod,1,7,,3,,,MAH,,low,pools,y,NA
668,Dicyema balamuthi,other eukaryotic parasite,6,419,Octopus rufescens,cephalopod,1,7,,3,,,MAH,,low,pools,y,NA
669,Conocyema adminicula,other eukaryotic parasite,6,419,Octopus rufescens,cephalopod,1,7,,3,,,MAH,,low,pools,y,NA
670,Dicyemennea brevicephala,other eukaryotic parasite,6,419,Octopus rufescens,cephalopod,1,7,,3,,,MAH,,low,pools,y,NA
671,Dicyema apollyoni,other eukaryotic parasite,6,419,Octopus rufescens,cephalopod,1,7,,3,,,MAH,,low,pools,y,NA
,Paralabrax sp.,fish,1,419,Octopus rufescens,cephalopod,1,1,,3,,,MAH,,low,pools,y,yes
,Sebastodes sp.,fish,1,419,Octopus rufescens,cephalopod,1,1,,3,,,MAH,,low,pools,y,yes
422,Arctonoe fragilis,polychaete,1,672,Leptasterias aequalis,,1,10,,3,,,MAH,,middle,both,y,NA
422,Arctonoe fragilis,polychaete,1,149,Leptasterias hexactis,,1,10,,3,,,MAH,,middle,both,y,NA
422,Arctonoe fragilis,polychaete,1,60,Orthasterias koehleri,,1,10,,3,,,MAH,,low,both,y,NA
422,Arctonoe fragilis,polychaete,1,146,Solaster dawsoni,,1,10,,3,,,MAH,,low,both,y,NA
422,Arctonoe fragilis,polychaete,1,150,Pisaster ochraceus,,1,10,,3,,,MAH,,low,both,y,NA
423,Arctonoe pulchra,polychaete,1,417,Cryptochiton stelleri,,1,10,,3,,,MAH,,low,both,y,NA
423,Arctonoe pulchra,polychaete,1,193,Megathura crenulata,,1,10,,3,,,MAH,,low,both,y,NA
423,Arctonoe pulchra,polychaete,1,159,Parastichopus californicus,,1,10,,3,,,MAH,,low,both,y,NA
423,Arctonoe pulchra,polychaete,1,673,Apostichopus parvimensis,,1,10,,3,,,MAH,,low,both,y,NA
423,Arctonoe pulchra,polychaete,1,NA,Loimia montagui,,1,10,,3,,,MAH,,low,both,y,NA
425,Halosydna brevisetosa,polychaete,1,NA,Pista pacifica,,1,10,,3,,,MAH,,low,both,y,NA
425,Halosydna brevisetosa,polychaete,1,438,Pista elongata,,1,10,,3,,,MAH,,low,both,y,NA
425,Halosydna brevisetosa,polychaete,1,440,Thelepus crispus,,1,10,,3,,,MAH,,low,both,y,NA
425,Halosydna brevisetosa,polychaete,1,NA,Neoamphitrite robusta,,1,10,,3,,,MAH,,low,both,y,NA
425,Halosydna brevisetosa,polychaete,1,NA,Loimia montagui,,1,10,,3,,,MAH,,low,both,y,NA
425,Halosydna brevisetosa,polychaete,1,430,Platynereis bicanaliculata,,1,10,,3,,,MAH,,low,both,y,NA
426,Harmothoe imbricata,polychaete,1,440,Thelepus crispus,,1,10,,3,,,MAH,,low,both,y,NA
426,Harmothoe imbricata,polychaete,1,NA,Neoamphitrite robusta,,1,10,,3,,,MAH,,low,both,y,NA
426,Harmothoe imbricata,polychaete,1,NA,Diopatra ornata,,1,10,,3,5,,MAH,,low,both,y,NA
428,Ophiodromus pugettensis,polychaete,1,144,Patiria miniata,,1,10,,3,,,MAH,,low,pools,y,NA
428,Ophiodromus pugettensis,polychaete,1,NA,Tubulipora spp. ,bryozoan,1?,1,,3,,,RIZ Lit Search: 20,,low,pools,n,unknown
428,Ophiodromus pugettensis,polychaete,1,NA,Lytechinus anamesus,sea urchin,1,1,,3,5,,RIZ Lit Search: 21,,low,pools,n,unknown
428,Ophiodromus pugettensis,polychaete,1,NA,Phaeophyta algae,algae,1?,3,,3,,,RIZ Lit Search: 23,,low,pools,n,unknown
428,Ophiodromus pugettensis,polychaete,1,NA,Chlorophyta algae,algae,1?,3,,3,,,RIZ Lit Search: 23,,low,pools,n,unknown
428,Ophiodromus pugettensis,polychaete,1,170,Aplidium californicum,tunicate,1,1,,3,,,MAH,,middle,pools,y,unknown
428,Ophiodromus pugettensis,polychaete,1,178,Euherdmania claviformis,tunicate,1,1,,3,,,MAH,,low,pools,y,unknown
428,Ophiodromus pugettensis,polychaete,1,183,Archidistoma psammion,tunicate,1,1,,3,,,MAH,,low,pools,y,unknown
95,Manania sp.,scyphozoan,1,NA,,,,,,,,,,,,,,