id.x,species,alternate_nomenclature,category,common_name,functional_role,range,life_stage,body_size_mm,n_s_both,commonality,source,zone,habitat_notes,solitary_aggregating_colonial,mobile_or_sessile,preys_on,trophic_strategy,how_picky,eaten_by,non_trophic_epicommensal_w,mutualist_w,parasitized_by,unknown_symbiosis,parasitic_on,how_picky_symbiotically,notes,node_type,node_resolution,web_enter_code,enter_code_2,googled,justification,confidence,date_added,clean_zone,id.y,kingdom,phylum,class,order,suborder,family,genus,subkingdom,infrakingdom,subphylum,subclass,infraorder,superfamily,megaclass,superclass,subfamily,superorder,parvorder,tribe,infraclass,infraphylum,subgenus,subterclass
2180,Ancula pacifica,NA,nudibranch,NA,NA,NA,adult,NA,NA,present,"Morris, Abbott, and Haderlie; 162, 175",all,NA,solitary,mobile,NA,micropredator,generalist,NA,NA,NA,NA,NA,NA,NA,WORMS considers this separate from A. gibbosa,Taxonomic,Species,NA,NA,NA,NA,NA,3/18/24,NA,581643,Animalia,Mollusca,Gastropoda,Nudibranchia,Doridina,Goniodorididae,Ancula,NA,NA,NA,Heterobranchia,Doridoidei,Onchidoridoidea,NA,NA,Anculinae,Nudipleura,NA,NA,Euthyneura,NA,NA,Ringipleura
2119,Anisakis sp.,NA,nematode,NA,NA,NA,larva,NA,NA,present,205,all,NA,solitary,sessile,NA,parasite,obligate generalist,NA,NA,NA,NA,NA,NA,NA,NA,Taxonomic,Genus,NA,NA,NA,NA,NA,3/18/24,NA,22832,Animalia,Nematoda,Chromadorea,Rhabditida,Spirurina,Anisakidae,Anisakis,NA,NA,NA,Chromadoria,Ascaridomorpha,Ascaridoidea,NA,NA,Anisakinae,NA,NA,NA,NA,NA,NA,NA
2132,Ascarophis sebastodis,NA,nematode,NA,NA,NA,adult,NA,NA,present,205,all,NA,solitary,sessile,NA,parasite,obligate generalist,NA,NA,NA,NA,NA,NA,NA,NA,Taxonomic,Species,NA,NA,NA,NA,NA,3/18/24,NA,991153,Animalia,Nematoda,Chromadorea,Rhabditida,Spirurina,Cystidicolidae,Ascarophis,NA,NA,NA,Chromadoria,Spiruromorpha,Habronematoidea,NA,NA,NA,NA,NA,NA,NA,NA,NA,NA
2184,Ascocotyle angrensis,NA,trematode,NA,NA,NA,metacercariae,NA,NA,present,205,all,NA,solitary,sessile,NA,parasite,obligate generalist,NA,NA,NA,NA,NA,NA,NA,NA,Taxonomic,Species,NA,NA,NA,NA,NA,3/18/24,NA,727871,Animalia,Platyhelminthes,Trematoda,Plagiorchiida,Opisthorchiata,Heterophyidae,Ascocotyle,NA,NA,Rhabditophora,Digenea,NA,Opisthorchioidea,NA,Neodermata,NA,NA,NA,NA,NA,NA,NA,NA
2185,Ascocotyle angrensis,NA,trematode,NA,NA,NA,adult,NA,NA,unknown,personal inference,unknown,NA,solitary,sessile,NA,parasite,NA,NA,NA,NA,NA,NA,NA,NA,NA,Taxonomic,Species,NA,NA,NA,NA,NA,3/18/24,NA,727871,Animalia,Platyhelminthes,Trematoda,Plagiorchiida,Opisthorchiata,Heterophyidae,Ascocotyle,NA,NA,Rhabditophora,Digenea,NA,Opisthorchioidea,NA,Neodermata,NA,NA,NA,NA,NA,NA,NA,NA
2186,Bocquetia rosea,NA,parasitic barnacle,NA,NA,NA,adult,NA,NA,present,253,all,NA,solitary,sessile,NA,parasitic castrator,obligate specialist,NA,NA,NA,NA,NA,NA,NA,NA,Taxonomic,Species,NA,NA,NA,NA,NA,3/18/24,NA,463685,Animalia,Arthropoda,Thecostraca,NA,NA,Chthamalophilidae,Bocquetia,NA,NA,Crustacea,Cirripedia,NA,NA,NA,Multicrustacea,NA,NA,NA,NA,Rhizocephala,NA,NA,NA
2187,Bomolochus soleae,NA,copepod,NA,NA,NA,adult,NA,NA,present,205,all,NA,solitary,sessile,NA,ectoparasite,obligate generalist,NA,NA,NA,NA,NA,NA,NA,NA,Taxonomic,Species,NA,NA,NA,NA,NA,3/18/24,NA,128746,Animalia,Arthropoda,Copepoda,Cyclopoida,Ergasilida,Bomolochidae,Bomolochus,NA,NA,Crustacea,NA,NA,NA,NA,Multicrustacea,NA,Podoplea,NA,NA,Neocopepoda,NA,NA,NA
2188,Bothriocephalus occidentalis,NA,cestode,NA,NA,NA,adult,NA,NA,present,205,all,NA,solitary,sessile,NA,parasite,obligate generalist,NA,NA,NA,NA,NA,NA,NA,NA,Taxonomic,Species,NA,NA,NA,NA,NA,3/18/24,NA,516472,Animalia,Platyhelminthes,Cestoda,Bothriocephalidea,NA,Bothriocephalidae,Bothriocephalus,NA,NA,Rhabditophora,Eucestoda,NA,NA,NA,Neodermata,NA,NA,NA,NA,NA,NA,NA,NA
2118,Bothriocephalus scorpii,NA,cestode,NA,NA,NA,adult,NA,NA,present,205,all,NA,solitary,sessile,NA,parasite,obligate generalist,NA,NA,NA,NA,NA,NA,NA,NA,Taxonomic,Species,NA,NA,NA,NA,NA,3/18/24,NA,105190,Animalia,Platyhelminthes,Cestoda,Bothriocephalidea,NA,Bothriocephalidae,Bothriocephalus,NA,NA,Rhabditophora,Eucestoda,NA,NA,NA,Neodermata,NA,NA,NA,NA,NA,NA,NA,NA
2190,Caballeronema wardlei,NA,nematode,NA,NA,NA,adult,NA,NA,present,205,all,NA,solitary,sessile,NA,parasite,obligate generalist,NA,NA,NA,NA,NA,NA,NA,NA,Taxonomic,Species,NA,NA,NA,NA,NA,3/18/24,NA,991873,Animalia,Nematoda,Chromadorea,Rhabditida,Spirurina,Cystidicolidae,Caballeronema,NA,NA,NA,Chromadoria,Spiruromorpha,Habronematoidea,NA,NA,NA,NA,NA,NA,NA,NA,NA,NA
2191,Caligus mutabilis,NA,copepod,NA,NA,NA,adult,NA,NA,present,205,all,NA,solitary,sessile,NA,ectoparasite,obligate generalist,NA,NA,NA,NA,NA,NA,NA,NA,Taxonomic,Species,NA,NA,NA,NA,NA,3/18/24,NA,349687,Animalia,Arthropoda,Copepoda,Siphonostomatoida,NA,Caligidae,Caligus,NA,NA,Crustacea,NA,NA,NA,NA,Multicrustacea,NA,Podoplea,NA,NA,Neocopepoda,NA,NA,NA
2189,Caligus serratus,NA,copepod,NA,NA,NA,adult,NA,NA,present,205,all,NA,solitary,sessile,NA,ectoparasite,obligate generalist,NA,NA,NA,NA,NA,NA,NA,NA,Taxonomic,Species,NA,NA,NA,NA,NA,3/18/24,NA,349746,Animalia,Arthropoda,Copepoda,Siphonostomatoida,NA,Caligidae,Caligus,NA,NA,Crustacea,NA,NA,NA,NA,Multicrustacea,NA,Podoplea,NA,NA,Neocopepoda,NA,NA,NA
2192,Capillaria sp.,NA,nematode,NA,NA,NA,adult,NA,NA,present,205,all,NA,solitary,sessile,NA,parasite,obligate generalist,NA,NA,NA,NA,NA,NA,NA,NA,Taxonomic,Genus,NA,NA,NA,NA,NA,3/18/24,NA,NA,Animalia,Nematoda,Enoplea,Trichinellida,TrichinellinaCapillariidae,Capillariidae,Capillaria,NA,NA,NA,NA,NA,NA,NA,NA,NA,NA,NA,NA,NA,NA,NA,NA
2110,Catoptrophorus semipalmatus,NA,bird,willet,NA,NA,adult,NA,NA,present,189,middle,NA,solitary,mobile,NA,typical predator,NA,NA,NA,NA,NA,NA,NA,NA,NA,Taxonomic,Species,NA,NA,NA,NA,NA,3/18/24,NA,159032,Animalia,Chordata,Aves,Charadriiformes,NA,Scolopacidae,Catoptrophorus,NA,NA,Vertebrata,NA,NA,NA,Tetrapoda,Reptilia,NA,NA,NA,NA,NA,Gnathostomata,NA,NA
2179,Caudotestis opisthorchis,Anisorchis opisthorchis,trematode,NA,NA,NA,adult,NA,NA,present,205,all,NA,solitary,sessile,NA,parasite,obligate generalist,NA,NA,NA,NA,NA,NA,NA,NA,Taxonomic,Species,NA,NA,NA,NA,NA,3/18/24,NA,728521,Animalia,Platyhelminthes,Trematoda,Plagiorchiida,Xiphidiata,Stenakridae,Caudotestis,NA,NA,Rhabditophora,Digenea,NA,Opecoeloidea,NA,Neodermata,NA,NA,NA,NA,NA,NA,NA,NA
2152,Ceratomyxa blennius,NA,myxozoan,NA,NA,NA,adult,NA,NA,present,205,all,NA,solitary,sessile,NA,parasite,obligate generalist,NA,NA,NA,NA,NA,NA,NA,NA,Taxonomic,Species,NA,NA,NA,NA,NA,3/18/24,NA,NA,Animalia,Cnidaria,Myxozoa,Bivalvulida,Variisporina,Ceratomyxidae,Ceratomyxa,NA,NA,Endocnidozoa,NA,NA,NA,NA,NA,NA,NA,NA,NA,NA,NA,NA,NA
2193,Ceratomyxa crassa,NA,myxozoan,NA,NA,NA,adult,NA,NA,present,205,all,NA,solitary,sessile,NA,parasite,obligate generalist,NA,NA,NA,NA,NA,NA,NA,NA,Taxonomic,Species,NA,NA,NA,NA,NA,3/18/24,NA,1368456,Animalia,Cnidaria,Myxozoa,Bivalvulida,Variisporina,Ceratomyxidae,Ceratomyxa,NA,NA,Endocnidozoa,NA,NA,NA,NA,NA,NA,NA,NA,NA,NA,NA,NA,NA
2194,Ceratomyxa furcata,NA,myxozoan,NA,NA,NA,adult,NA,NA,present,205,all,NA,solitary,sessile,NA,parasite,obligate generalist,NA,NA,NA,NA,NA,NA,NA,NA,Taxonomic,Species,NA,NA,NA,NA,NA,3/18/24,NA,1714978,Animalia,Cnidaria,Myxozoa,Bivalvulida,Variisporina,Ceratomyxidae,Ceratomyxa,NA,NA,Endocnidozoa,NA,NA,NA,NA,NA,NA,NA,NA,NA,NA,NA,NA,NA
2104,Ceratomyxa gracilis,NA,myxozoan,NA,NA,NA,adult,NA,NA,present,74,NA,NA,solitary,sessile,NA,parasite,obligate generalist,NA,NA,NA,NA,NA,NA,NA,NA,Taxonomic,Species,NA,NA,NA,NA,NA,3/18/24,NA,1368449,Animalia,Cnidaria,Myxozoa,Bivalvulida,Variisporina,Ceratomyxidae,Ceratomyxa,NA,NA,Endocnidozoa,NA,NA,NA,NA,NA,NA,NA,NA,NA,NA,NA,NA,NA
2196,Ceratomyxa lovei,Ceratomyxa sebasta,myxozoan,NA,NA,NA,adult,NA,NA,present,205,all,NA,solitary,sessile,NA,parasite,obligate generalist,NA,NA,NA,NA,NA,NA,NA,NA,Taxonomic,Species,NA,NA,NA,NA,NA,3/18/24,NA,465102,Animalia,Cnidaria,Myxozoa,Bivalvulida,Variisporina,Ceratomyxidae,Ceratomyxa,NA,NA,Endocnidozoa,NA,NA,NA,NA,NA,NA,NA,NA,NA,NA,NA,NA,NA
2148,Ceratomyxa noblei,Leptotheca elegans,myxozoan,NA,NA,NA,adult,NA,NA,present,205,all,NA,solitary,sessile,NA,parasite,obligate generalist,NA,NA,NA,NA,NA,NA,NA,NA,Taxonomic,Species,NA,NA,NA,NA,NA,3/18/24,NA,465110,Animalia,Cnidaria,Myxozoa,Bivalvulida,Variisporina,Ceratomyxidae,Ceratomyxa,NA,NA,Endocnidozoa,NA,NA,NA,NA,NA,NA,NA,NA,NA,NA,NA,NA,NA
2195,Ceratomyxa obesa,NA,myxozoan,NA,NA,NA,adult,NA,NA,present,205,all,NA,solitary,sessile,NA,parasite,obligate generalist,NA,NA,NA,NA,NA,NA,NA,NA,Taxonomic,Species,NA,NA,NA,NA,NA,3/18/24,NA,1368454,Animalia,Cnidaria,Myxozoa,Bivalvulida,Variisporina,Ceratomyxidae,Ceratomyxa,NA,NA,Endocnidozoa,NA,NA,NA,NA,NA,NA,NA,NA,NA,NA,NA,NA,NA
2197,Ceratomyxa tenuis,NA,myxozoan,NA,NA,NA,adult,NA,NA,present,205,all,NA,solitary,sessile,NA,parasite,obligate generalist,NA,NA,NA,NA,NA,NA,NA,NA,Taxonomic,Species,NA,NA,NA,NA,NA,3/18/24,NA,1720616,Animalia,Cnidaria,Myxozoa,Bivalvulida,Variisporina,Ceratomyxidae,Ceratomyxa,NA,NA,Endocnidozoa,NA,NA,NA,NA,NA,NA,NA,NA,NA,NA,NA,NA,NA
2198,Ceratomyxa vepallida,NA,myxozoan,NA,NA,NA,adult,NA,NA,present,205,all,NA,solitary,sessile,NA,parasite,obligate generalist,NA,NA,NA,NA,NA,NA,NA,NA,Taxonomic,Species,NA,NA,NA,NA,NA,3/18/24,NA,414552,Animalia,Cnidaria,Myxozoa,Bivalvulida,Variisporina,Ceratomyxidae,Ceratomyxa,NA,NA,Endocnidozoa,NA,NA,NA,NA,NA,NA,NA,NA,NA,NA,NA,NA,NA
2201,Chlamydiales sp.,NA,bacteria,NA,NA,NA,NA,NA,NA,present,126,NA,NA,colonial,sessile,NA,pathogen,obligate generalist,NA,NA,NA,NA,NA,NA,NA,NA,Taxonomic,Species,NA,NA,NA,NA,NA,3/18/24,NA,NA,Bacteria,Chlamydiae,Chlamydiia,Chlamydiales,NA,NA,NA,NA,NA,NA,NA,NA,NA,NA,NA,NA,NA,NA,NA,NA,NA,NA,NA
2178,Chondracanthus sp.,NA,copepod,NA,NA,NA,adult,NA,NA,present,205,all,NA,solitary,sessile,NA,ectoparasite,obligate generalist,NA,NA,NA,NA,NA,NA,NA,NA,Taxonomic,Genus,NA,NA,NA,NA,NA,3/18/24,NA,NA,Animalia,Arthropoda,Copepoda,Cyclopoida,Ergasilida,Chondracanthidae,Chondracanthus,NA,NA,Crustacea,NA,NA,NA,NA,NA,NA,NA,NA,NA,NA,NA,NA,NA
2181,Chondracanthus deltoideus,Acanthochondria deltoidea,copepod,NA,NA,NA,adult,NA,NA,present,205,all,NA,solitary,sessile,NA,ectoparasite,obligate generalist,NA,NA,NA,NA,NA,NA,NA,NA,Taxonomic,Species,NA,NA,NA,NA,NA,3/18/24,NA,350073,Animalia,Arthropoda,Copepoda,Cyclopoida,Ergasilida,Chondracanthidae,Chondracanthus,NA,NA,Crustacea,NA,NA,NA,NA,Multicrustacea,NA,Podoplea,NA,NA,Neocopepoda,NA,NA,NA
2202,Chondracanthus horridus,NA,copepod,NA,NA,NA,adult,NA,NA,present,205,all,NA,solitary,sessile,NA,ectoparasite,obligate generalist,NA,NA,NA,NA,NA,NA,NA,NA,Taxonomic,Genus,NA,NA,NA,NA,NA,3/18/24,NA,237887,Animalia,Arthropoda,Copepoda,Cyclopoida,Ergasilida,Chondracanthidae,Chondracanthus,NA,NA,Crustacea,NA,NA,NA,NA,Multicrustacea,NA,Podoplea,NA,NA,Neocopepoda,NA,NA,NA
2163,Clavinema mariae,Philometra americana,nematode,NA,NA,NA,adult,NA,NA,present,205,all,NA,solitary,sessile,NA,parasite,obligate generalist,NA,NA,NA,NA,NA,NA,NA,NA,Taxonomic,Species,NA,NA,NA,NA,NA,3/18/24,NA,459002,Animalia,Nematoda,Chromadorea,Rhabditida,Spirurina,Philometridae,Clavinema,NA,NA,NA,Chromadoria,Spirurina incertae sedis,Dracunculoidea,NA,NA,Philometrinae,NA,NA,NA,NA,NA,NA,NA
2123,Contracaecum sp.,NA,nematode,NA,NA,NA,larva,NA,NA,present,205,all,NA,solitary,sessile,NA,parasite,obligate generalist,NA,NA,NA,NA,NA,NA,NA,NA,Taxonomic,Genus,NA,NA,NA,NA,NA,3/18/24,NA,22849,Animalia,Nematoda,Chromadorea,Rhabditida,Spirurina,Anisakidae,Contracaecum,NA,NA,NA,Chromadoria,Ascaridomorpha,Ascaridoidea,NA,NA,Contracaecinae,NA,NA,NA,NA,NA,NA,NA
2150,Corynosoma sp.,NA,acanthocephalan,NA,NA,NA,juvenile,NA,NA,present,205,all,NA,solitary,sessile,NA,parasite,obligate generalist,NA,NA,NA,NA,NA,NA,NA,NA,Taxonomic,Species,NA,NA,NA,NA,NA,3/18/24,NA,20331,Animalia,Acanthocephala,Palaeacanthocephala,Polymorphida,NA,Polymorphidae,Corynosoma,NA,NA,NA,NA,NA,NA,NA,NA,NA,NA,NA,NA,NA,NA,NA,NA
2151,Corynosoma sp.,NA,acanthocephalan,NA,NA,NA,adult,NA,NA,present,205,all,NA,solitary,sessile,NA,parasite,obligate generalist,NA,NA,NA,NA,NA,NA,NA,NA,Taxonomic,Species,NA,NA,NA,NA,NA,3/18/24,NA,20331,Animalia,Acanthocephala,Palaeacanthocephala,Polymorphida,NA,Polymorphidae,Corynosoma,NA,NA,NA,NA,NA,NA,NA,NA,NA,NA,NA,NA,NA,NA,NA,NA
2175,Corynosoma strumosum,NA,acanthocephalan,NA,NA,NA,adult,NA,NA,present,205,all,NA,solitary,sessile,NA,parasite,obligate generalist,NA,NA,NA,NA,NA,NA,NA,NA,Taxonomic,Species,NA,NA,NA,NA,NA,3/18/24,NA,100614,Animalia,Acanthocephala,Palaeacanthocephala,Polymorphida,NA,Polymorphidae,Corynosoma,NA,NA,NA,NA,NA,NA,NA,NA,NA,NA,NA,NA,NA,NA,NA,NA
2176,Corynosoma strumosum,NA,acanthocephalan,NA,NA,NA,cystacanth,NA,NA,present,205,all,NA,solitary,sessile,NA,parasite,obligate generalist,NA,NA,NA,NA,NA,NA,NA,NA,Taxonomic,Species,NA,NA,NA,NA,NA,3/18/24,NA,100614,Animalia,Acanthocephala,Palaeacanthocephala,Polymorphida,NA,Polymorphidae,Corynosoma,NA,NA,NA,NA,NA,NA,NA,NA,NA,NA,NA,NA,NA,NA,NA,NA
2225,Cresseyus longicaudus,Holobomolochus longicaudus,copepod,NA,NA,NA,adult,NA,NA,present,205,all,NA,solitary,sessile,NA,ectoparasite,obligate generalist,NA,NA,NA,NA,NA,NA,NA,NA,Taxonomic,Species,NA,NA,NA,NA,NA,3/18/24,NA,368003,Animalia,Arthropoda,Copepoda,Cyclopoida,Ergasilida,Bomolochidae,Cresseyus,NA,NA,Crustacea,NA,NA,NA,NA,Multicrustacea,NA,Podoplea,NA,NA,Neocopepoda,NA,NA,NA
2203,Cryptobia sp.,NA,protozoan,NA,NA,NA,NA,NA,NA,present,205,all,NA,solitary,sessile,NA,pathogen,obligate generalist,NA,NA,NA,NA,NA,NA,NA,NA,Taxonomic,Genus,NA,NA,NA,NA,NA,3/18/24,NA,NA,Protozoa,Euglenozoa,Kinetoplastea,Parabodonida,Parabodonina,Trypanoplasmataceae,Cryptobia,NA,NA,Glycomonada,NA,NA,NA,NA,NA,NA,NA,NA,NA,NA,NA,NA,NA
2174,Cryptocaryon irritans,NA,ciliate,NA,NA,NA,adult,NA,NA,present,205,all,NA,solitary,sessile,NA,parasite,obligate generalist,NA,NA,NA,NA,NA,NA,NA,NA,Taxonomic,Species,NA,NA,NA,NA,NA,3/18/24,NA,417412,Chromista,Ciliophora,Prostomatea,Prorodontida,NA,Holophryidae,Cryptocaryon,Harosa,Alveolata,Intramacronucleata,NA,NA,NA,NA,NA,NA,NA,NA,NA,NA,Ventrata,NA,NA
2204,Cucullanus sp.,NA,nematode,NA,NA,NA,adult,NA,NA,present,205,all,NA,solitary,sessile,NA,parasite,obligate generalist,NA,NA,NA,NA,NA,NA,NA,NA,Taxonomic,Species,NA,NA,NA,NA,NA,3/18/24,NA,22861,Animalia,Nematoda,Chromadorea,Rhabditida,Spirurina,Cucullanidae,Cucullanus,NA,NA,NA,Chromadoria,Ascaridomorpha,Seuratoidea,NA,NA,Cucullaninae,NA,NA,NA,NA,NA,NA,NA
2131,Derogenes varicus,NA,trematode,NA,NA,NA,adult,NA,NA,present,205,all,NA,solitary,sessile,NA,parasite,obligate generalist,NA,NA,NA,NA,NA,NA,NA,NA,Taxonomic,Species,NA,NA,NA,NA,NA,3/18/24,NA,109264,Animalia,Platyhelminthes,Trematoda,Plagiorchiida,Hemiurata,Derogenidae,Derogenes,NA,NA,Rhabditophora,Digenea,NA,Hemiuroidea,NA,Neodermata,Derogeninae,NA,NA,NA,NA,NA,NA,NA
2207,Derogenoides sp.,NA,leech,NA,NA,NA,juvenile,NA,NA,present,205,all,NA,solitary,sessile,NA,ectoparasite,obligate generalist,NA,NA,NA,NA,NA,NA,NA,NA,Taxonomic,Unidentified Species,NA,NA,NA,NA,NA,3/18/24,NA,108723,Animalia,Platyhelminthes,Trematoda,Plagiorchiida,Hemiurata,Derogenidae,Derogenoides,NA,NA,Rhabditophora,Digenea,NA,Hemiuroidea,NA,Neodermata,NA,NA,NA,NA,NA,NA,NA,NA
2208,Diplangus macrovitellus,NA,trematode,NA,NA,NA,adult,NA,NA,present,205,all,NA,solitary,sessile,NA,parasite,obligate generalist,NA,NA,NA,NA,NA,NA,NA,NA,Taxonomic,Species,NA,NA,NA,NA,NA,3/18/24,NA,734330,Animalia,Platyhelminthes,Trematoda,Plagiorchiida,Xiphidiata,Diplangidae,Diplangus,NA,NA,Rhabditophora,Digenea,NA,Microphalloidea,NA,Neodermata,NA,NA,NA,NA,NA,NA,NA,NA
2209,Diplangus triradiatus,NA,trematode,NA,NA,NA,adult,NA,NA,present,205,all,NA,solitary,sessile,NA,parasite,obligate generalist,NA,NA,NA,NA,NA,NA,NA,NA,Taxonomic,Species,NA,NA,NA,NA,NA,3/18/24,NA,767615,Animalia,Platyhelminthes,Trematoda,Plagiorchiida,Xiphidiata,Diplangidae,Diplangus,NA,NA,Rhabditophora,Digenea,NA,Microphalloidea,NA,Neodermata,NA,NA,NA,NA,NA,NA,NA,NA
2210,Doris pickensi,NA,nudibranch,NA,NA,NA,adult,NA,S,present,175,all,NA,solitary,mobile,NA,micropredator,specialist,NA,NA,NA,NA,NA,NA,NA,NA,Taxonomic,Species,NA,NA,NA,NA,NA,3/18/24,NA,575066,Animalia,Mollusca,Gastropoda,Nudibranchia,Doridina,Dorididae,Doris,NA,NA,NA,Heterobranchia,Doridoidei,Doridoidea,NA,NA,NA,Nudipleura,NA,NA,Euthyneura,NA,NA,Ringipleura
2149,Echinorhynchus gadi,NA,acanthocephalan,NA,NA,NA,adult,NA,NA,present,"205, 147",all,NA,solitary,sessile,NA,parasite,obligate generalist,NA,NA,NA,NA,NA,NA,NA,NA,Taxonomic,Species,NA,NA,NA,NA,NA,3/18/24,NA,100599,Animalia,Acanthocephala,Palaeacanthocephala,Echinorhynchida,NA,Echinorhynchidae,Echinorhynchus,NA,NA,NA,NA,NA,NA,NA,NA,Echinorhynchinae,NA,NA,NA,NA,NA,NA,NA
2211,Eimeria sp.,NA,protozoan,NA,NA,NA,NA,NA,NA,present,205,all,NA,colonial,sessile,NA,pathogen,obligate generalist,NA,NA,NA,NA,NA,NA,NA,NA,Taxonomic,Genus,NA,NA,NA,NA,NA,3/18/24,NA,562837,Chromista,Myzozoa,Conoidasida,Eucoccidiorida,Eimeriorina,Eimeriidae,Eimeria,Harosa,Alveolata,Apicomplexa,Coccidiasina,NA,NA,NA,NA,NA,NA,NA,NA,NA,Sporozoa,NA,NA
2212,Encotyllabe embiotocae,NA,monogene,NA,NA,NA,adult,NA,NA,present,205,all,NA,solitary,sessile,NA,ectoparasite,obligate generalist,NA,NA,NA,NA,NA,NA,NA,NA,Taxonomic,Species,NA,NA,NA,NA,NA,3/18/24,NA,717804,Animalia,Platyhelminthes,Monogenea,Capsalidea,NA,Capsalidae,Encotyllabe,NA,NA,Rhabditophora,Monopisthocotylea,NA,NA,NA,Neodermata,NA,NA,NA,NA,NA,NA,NA,NA
2173,Ergasilus sp.,NA,copepod,NA,NA,NA,adult,NA,NA,present,205,all,NA,solitary,sessile,NA,ectoparasite,obligate generalist,NA,NA,NA,NA,NA,NA,NA,NA,Taxonomic,Genus,NA,NA,NA,NA,NA,3/18/24,NA,128641,Animalia,Arthropoda,Copepoda,Cyclopoida,Ergasilida,Ergasilidae,Ergasilus,NA,NA,Crustacea,NA,NA,NA,NA,Multicrustacea,NA,Podoplea,NA,NA,Neocopepoda,NA,NA,NA
2213,Galactosomum sp.,NA,trematode,NA,NA,NA,adult,NA,NA,present,205,all,NA,solitary,sessile,NA,parasite,obligate generalist,NA,NA,NA,NA,NA,NA,NA,NA,Taxonomic,Genus,NA,NA,NA,NA,NA,3/18/24,NA,108610,Animalia,Platyhelminthes,Trematoda,Plagiorchiida,Opisthorchiata,Heterophyidae,Galactosomum,NA,NA,Rhabditophora,Digenea,NA,Opisthorchioidea,NA,Neodermata,NA,NA,NA,NA,NA,NA,NA,NA
2199,Galactosomum humbargari,Cercarioides humbargari,trematode,NA,NA,NA,metacercariae,NA,NA,present,205,all,NA,solitary,sessile,NA,parasite,obligate generalist,NA,NA,NA,NA,NA,NA,NA,NA,Taxonomic,Species,NA,NA,NA,NA,NA,3/18/24,NA,727897,Animalia,Platyhelminthes,Trematoda,Plagiorchiida,Opisthorchiata,Heterophyidae,Galactosomum,NA,NA,Rhabditophora,Digenea,NA,Opisthorchioidea,NA,Neodermata,NA,NA,NA,NA,NA,NA,NA,NA
2200,Galactosomum humbargari,Cercarioides humbargari,trematode,NA,NA,NA,adult,NA,NA,unknown,personal inference,unknown,NA,solitary,sessile,NA,parasite,NA,NA,NA,NA,NA,NA,NA,NA,NA,Taxonomic,Species,NA,NA,NA,NA,NA,3/18/24,NA,727897,Animalia,Platyhelminthes,Trematoda,Plagiorchiida,Opisthorchiata,Heterophyidae,Galactosomum,NA,NA,Rhabditophora,Digenea,NA,Opisthorchioidea,NA,Neodermata,NA,NA,NA,NA,NA,NA,NA,NA
2124,Genitocotyle acirrus,NA,trematode,NA,NA,NA,adult,NA,NA,present,205,all,NA,solitary,sessile,NA,parasite,obligate generalist,NA,NA,NA,NA,NA,NA,NA,NA,Taxonomic,Species,NA,NA,NA,NA,NA,3/18/24,NA,757159,Animalia,Platyhelminthes,Trematoda,Plagiorchiida,Xiphidiata,Opecoelidae,Genitocotyle,NA,NA,Rhabditophora,Digenea,NA,Opecoeloidea,NA,Neodermata,Opecoelinae,NA,NA,NA,NA,NA,NA,NA
2215,Genitocotyle heterostichi,NA,trematode,NA,NA,NA,adult,NA,NA,present,205,all,NA,solitary,sessile,NA,parasite,obligate generalist,NA,NA,NA,NA,NA,NA,NA,NA,Taxonomic,Species,NA,NA,NA,NA,NA,3/18/24,NA,757160,Animalia,Platyhelminthes,Trematoda,Plagiorchiida,Xiphidiata,Opecoelidae,Genitocotyle,NA,NA,Rhabditophora,Digenea,NA,Opecoeloidea,NA,Neodermata,Opecoelinae,NA,NA,NA,NA,NA,NA,NA
2227,Genolinea aspicotti,Intuscirrus aspicotti,trematode,NA,NA,NA,adult,NA,NA,present,205,all,NA,colonial,sessile,NA,parasite,obligate generalist,NA,NA,NA,NA,NA,NA,NA,NA,Taxonomic,Species,NA,NA,NA,NA,NA,3/18/24,NA,NA,Animalia,Platyhelminthes,Trematoda,Plagiorchiida,Hemiurata,Bunocotylidae,Genolinea,NA,NA,Rhabditophora,NA,NA,NA,NA,NA,NA,NA,NA,NA,NA,NA,NA,NA
2172,Genolinea anura,Genolinea montereyensis,trematode,NA,NA,NA,adult,NA,NA,present,205,all,NA,solitary,sessile,NA,parasite,obligate generalist,NA,NA,NA,NA,NA,NA,NA,NA,Taxonomic,Species,NA,NA,NA,NA,NA,3/18/24,NA,414406,Animalia,Platyhelminthes,Trematoda,Plagiorchiida,Hemiurata,Bunocotylidae,Genolinea,NA,NA,Rhabditophora,Digenea,NA,Hemiuroidea,NA,Neodermata,Opisthadeninae,NA,NA,NA,NA,NA,NA,NA
2112,Genolinea laticauda,NA,trematode,NA,NA,NA,adult,NA,NA,present,205,all,NA,solitary,sessile,NA,parasite,obligate generalist,NA,NA,NA,NA,NA,NA,NA,NA,Taxonomic,Species,NA,NA,NA,NA,NA,3/18/24,NA,109331,Animalia,Platyhelminthes,Trematoda,Plagiorchiida,Hemiurata,Bunocotylidae,Genolinea,NA,NA,Rhabditophora,Digenea,NA,Hemiuroidea,NA,Neodermata,Opisthadeninae,NA,NA,NA,NA,NA,NA,NA
2219,Gyrodactylus sp.,NA,monogene,NA,NA,NA,adult,NA,NA,present,205,all,NA,solitary,sessile,NA,ectoparasite,obligate generalist,NA,NA,NA,NA,NA,NA,NA,NA,Taxonomic,Species,NA,NA,NA,NA,NA,3/18/24,NA,119297,Animalia,Platyhelminthes,Monogenea,Gyrodactylidea,NA,Gyrodactylidae,Gyrodactylus,NA,NA,Rhabditophora,Monopisthocotylea,NA,NA,NA,Neodermata,NA,NA,NA,NA,NA,NA,NA,NA
2216,Gyrodactylus armatus,NA,monogene,NA,NA,NA,adult,NA,NA,present,205,all,NA,solitary,sessile,NA,ectoparasite,obligate generalist,NA,NA,NA,NA,NA,NA,NA,NA,Taxonomic,Species,NA,NA,NA,NA,NA,3/18/24,NA,1115320,Animalia,Platyhelminthes,Monogenea,Gyrodactylidea,NA,Gyrodactylidae,Gyrodactylus,NA,NA,Rhabditophora,Monopisthocotylea,NA,NA,NA,Neodermata,NA,NA,NA,NA,NA,NA,NA,NA
2217,Gyrodactylus bodegensis,NA,monogene,NA,NA,NA,adult,NA,NA,present,205,all,NA,solitary,sessile,NA,ectoparasite,obligate generalist,NA,NA,NA,NA,NA,NA,NA,NA,Taxonomic,Species,NA,NA,NA,NA,NA,3/18/24,NA,1115473,Animalia,Platyhelminthes,Monogenea,Gyrodactylidea,NA,Gyrodactylidae,Gyrodactylus,NA,NA,Rhabditophora,Monopisthocotylea,NA,NA,NA,Neodermata,NA,NA,NA,NA,NA,NA,NA,NA
2218,Gyrodactylus sculpinus,NA,monogene,NA,NA,NA,adult,NA,NA,present,205,all,NA,solitary,sessile,NA,ectoparasite,obligate generalist,NA,NA,NA,NA,NA,NA,NA,NA,Taxonomic,Species,NA,NA,NA,NA,NA,3/18/24,NA,1247422,Animalia,Platyhelminthes,Monogenea,Gyrodactylidea,NA,Gyrodactylidae,Gyrodactylus,NA,NA,Rhabditophora,Monopisthocotylea,NA,NA,NA,Neodermata,NA,NA,NA,NA,NA,NA,NA,NA
2220,Gyrodactylus vancleavi,NA,monogene,NA,NA,NA,adult,NA,NA,present,205,all,NA,solitary,sessile,NA,ectoparasite,obligate generalist,NA,NA,NA,NA,NA,NA,NA,NA,Taxonomic,Species,NA,NA,NA,NA,NA,3/18/24,NA,NA,Animalia,Platyhelminthes,Monogenea,Gyrodactylidea,NA,Gyrodactylidae,Gyrodactylus,NA,NA,Rhabditophora,NA,NA,NA,NA,NA,NA,NA,NA,NA,NA,NA,NA,NA
2170,Haemobaphes sp.,NA,copepod,NA,NA,NA,adult,NA,NA,present,205,all,NA,solitary,sessile,NA,ectoparasite,obligate generalist,NA,NA,NA,NA,NA,NA,NA,NA,Taxonomic,Genus,NA,NA,NA,NA,NA,3/18/24,NA,135643,Animalia,Arthropoda,Copepoda,Siphonostomatoida,NA,Pennellidae,Haemobaphes,NA,NA,Crustacea,NA,NA,NA,NA,Multicrustacea,NA,Podoplea,NA,NA,Neocopepoda,NA,NA,NA
2171,Haemobaphes sp.,NA,copepod,NA,NA,NA,juvenile,NA,NA,present,205,all,NA,solitary,sessile,NA,ectoparasite,obligate generalist,NA,NA,NA,NA,NA,NA,NA,NA,Taxonomic,Genus,NA,NA,NA,NA,NA,3/18/24,NA,135643,Animalia,Arthropoda,Copepoda,Siphonostomatoida,NA,Pennellidae,Haemobaphes,NA,NA,Crustacea,NA,NA,NA,NA,Multicrustacea,NA,Podoplea,NA,NA,Neocopepoda,NA,NA,NA
2221,Haemogregarina bigemina,NA,protozoan,NA,NA,NA,NA,NA,NA,present,205,all,NA,colonial,sessile,NA,parasite,obligate generalist,NA,NA,NA,NA,NA,NA,NA,NA,Taxonomic,Species,NA,NA,NA,NA,NA,3/18/24,NA,563401,Chromista,Myzozoa,Conoidasida,Eucoccidiorida,Adeleorina,Haemogregarinidae,Haemogregarina,Harosa,Alveolata,Apicomplexa,Coccidiasina,NA,NA,NA,NA,NA,NA,NA,NA,NA,Sporozoa,NA,NA
2222,Hatschekia pacifica,NA,copepod,NA,NA,NA,adult,NA,NA,present,205,all,NA,solitary,sessile,NA,ectoparasite,obligate generalist,NA,NA,NA,NA,NA,NA,NA,NA,Taxonomic,Species,NA,NA,NA,NA,NA,3/18/24,NA,352191,Animalia,Arthropoda,Copepoda,Siphonostomatoida,NA,Hatschekiidae,Hatschekia,NA,NA,Crustacea,NA,NA,NA,NA,Multicrustacea,NA,Podoplea,NA,NA,Neocopepoda,NA,NA,NA
2253,Helicometra pleurogrammi,Neohelicometra pleurogrammi,trematode,NA,NA,NA,adult,NA,NA,present,205,all,NA,solitary,sessile,NA,parasite,obligate generalist,NA,NA,NA,NA,NA,NA,NA,NA,Taxonomic,Species,NA,NA,NA,NA,NA,3/18/24,NA,756962,Animalia,Platyhelminthes,Trematoda,Plagiorchiida,Xiphidiata,Opecoelidae,Helicometra,NA,NA,Rhabditophora,Digenea,NA,Opecoeloidea,NA,Neodermata,Helicometrinae,NA,NA,NA,NA,NA,NA,NA
2122,Helicometrina elongata,NA,trematode,NA,NA,NA,adult,NA,NA,present,205,all,NA,solitary,sessile,NA,parasite,obligate generalist,NA,NA,NA,NA,NA,NA,NA,NA,Taxonomic,Species,NA,NA,NA,NA,NA,3/18/24,NA,757201,Animalia,Platyhelminthes,Trematoda,Plagiorchiida,Xiphidiata,Opecoelidae,Helicometrina,NA,NA,Rhabditophora,Digenea,NA,Opecoeloidea,NA,Neodermata,Helicometrinae,NA,NA,NA,NA,NA,NA,NA
2117,Helicometrina nimia,NA,trematode,NA,NA,NA,adult,NA,NA,present,"200, 205",all,NA,solitary,sessile,NA,parasite,obligate generalist,NA,NA,NA,NA,NA,NA,NA,NA,Taxonomic,Species,NA,NA,NA,NA,NA,3/18/24,NA,419201,Animalia,Platyhelminthes,Trematoda,Plagiorchiida,Xiphidiata,Opecoelidae,Helicometrina,NA,NA,Rhabditophora,Digenea,NA,Opecoeloidea,NA,Neodermata,Helicometrinae,NA,NA,NA,NA,NA,NA,NA
2223,Henneguya sp.,NA,myxozoan,NA,NA,NA,adult,NA,NA,present,205,all,NA,solitary,sessile,NA,parasite,obligate generalist,NA,NA,NA,NA,NA,NA,NA,NA,Taxonomic,Genus,NA,NA,NA,NA,NA,3/18/24,NA,120288,Animalia,Cnidaria,Myxozoa,Bivalvulida,Platysporina,Myxobolidae,Henneguya,NA,NA,Endocnidozoa,NA,NA,NA,NA,NA,NA,NA,NA,NA,NA,NA,NA,NA
2169,Henneguya sebasta,NA,myxozoan,NA,NA,NA,adult,NA,NA,present,205,all,NA,solitary,sessile,NA,parasite,obligate generalist,NA,NA,NA,NA,NA,NA,NA,NA,Taxonomic,Species,NA,NA,NA,NA,NA,3/18/24,NA,465032,Animalia,Cnidaria,Myxozoa,Bivalvulida,Platysporina,Myxobolidae,Henneguya,NA,NA,Endocnidozoa,NA,NA,NA,NA,NA,NA,NA,NA,NA,NA,NA,NA,NA
2224,Hexagrammia longitestis,NA,trematode,NA,NA,NA,adult,NA,NA,present,205,all,NA,solitary,sessile,NA,parasite,obligate generalist,NA,NA,NA,NA,NA,NA,NA,NA,Taxonomic,Species,NA,NA,NA,NA,NA,3/18/24,NA,990560,Animalia,Platyhelminthes,Trematoda,Plagiorchiida,Xiphidiata,Stenakridae,Hexagrammia,NA,NA,Rhabditophora,Digenea,NA,Opecoeloidea,NA,Neodermata,NA,NA,NA,NA,NA,NA,NA,NA
2116,Hyperia medusarum,NA,amphipod,NA,NA,NA,adult,NA,NA,present,248,all,NA,solitary,sessile,NA,parasite,obligate generalist,NA,NA,NA,NA,NA,NA,NA,NA,Taxonomic,Species,NA,NA,NA,NA,NA,3/18/24,NA,103253,Animalia,Arthropoda,Malacostraca,Amphipoda,Hyperiidea,Hyperiidae,Hyperia,NA,NA,Crustacea,Eumalacostraca,Physocephalata,Phronimoidea,NA,Multicrustacea,NA,Peracarida,Physocephalatidira,NA,NA,NA,NA,NA
2133,Hysterothylacium aduncum,NA,nematode,NA,NA,NA,adult,NA,NA,present,205,all,NA,solitary,sessile,NA,parasite,obligate generalist,NA,NA,NA,NA,NA,NA,NA,NA,Taxonomic,Species,NA,NA,NA,NA,NA,3/18/24,NA,122868,Animalia,Nematoda,Chromadorea,Rhabditida,Spirurina,Raphidascarididae,Hysterothylacium,NA,NA,NA,Chromadoria,Ascaridomorpha,Ascaridoidea,NA,NA,Raphidascaridinae,NA,NA,Raphidascaridinea,NA,NA,NA,NA
2226,Ichthyophaga subcutanea,NA,turbellarian,NA,NA,NA,adult,NA,NA,present,205,all,NA,solitary,sessile,NA,ectoparasite,NA,NA,NA,NA,NA,NA,NA,NA,NA,Taxonomic,Species,NA,NA,NA,NA,NA,3/18/24,NA,485383,Animalia,Platyhelminthes,NA,Fecampiida,NA,Piscinquilinidae,Ichthyophaga,NA,NA,Rhabditophora,NA,NA,NA,NA,NA,NA,NA,NA,NA,NA,NA,NA,NA
2168,Janusion diminuta,Malmiana diminuta,leech,NA,NA,NA,adult,NA,NA,present,205,all,NA,solitary,sessile,NA,ectoparasite,obligate generalist,NA,NA,NA,NA,NA,NA,NA,NA,Taxonomic,Species,NA,NA,NA,NA,NA,3/18/24,NA,370631,Animalia,Annelida,Clitellata,Rhynchobdellida,NA,Piscicolidae,Janusion,NA,NA,NA,Hirudinea,NA,NA,NA,NA,NA,NA,NA,NA,Euhirudinea,NA,NA,NA
2248,Janusion virida,Malmiana virida,leech,NA,NA,NA,adult,NA,NA,present,205,all,NA,solitary,sessile,NA,ectoparasite,obligate,NA,NA,NA,NA,NA,NA,NA,NA,Taxonomic,Species,NA,NA,NA,NA,NA,3/18/24,NA,370635,Animalia,Annelida,Clitellata,Rhynchobdellida,NA,Piscicolidae,Janusion,NA,NA,NA,Hirudinea,NA,NA,NA,NA,NA,NA,NA,NA,Euhirudinea,NA,NA,NA
2238,Lankesteria sp.,NA,protozoan,NA,NA,NA,NA,NA,NA,present,235,all,NA,colonial,sessile,NA,parasite,obligate specialist,NA,NA,NA,NA,NA,NA,NA,NA,Taxonomic,Genus,NA,NA,NA,NA,NA,3/18/24,NA,562705,Chromista,Myzozoa,Conoidasida,Eugregarinorida,Aseptatorina,Lecudinidae,Lankesteria,Harosa,Alveolata,Apicomplexa,Gregarinasina,NA,NA,NA,NA,NA,NA,NA,NA,NA,Sporozoa,NA,NA
2228,Lankesteria ascidiae,NA,protozoan,NA,NA,NA,NA,NA,NA,present,235,all,NA,colonial,sessile,NA,parasite,obligate specialist,NA,NA,NA,NA,NA,NA,NA,NA,Taxonomic,Species,NA,NA,NA,NA,NA,3/18/24,NA,NA,Chromista,Myzozoa,Conoidasida,Eugregarinorida,Aseptatorina,Lecudinidae,Lankesteria,NA,NA,Apicomplexa,NA,NA,NA,NA,NA,NA,NA,NA,NA,NA,NA,NA,NA
2229,Lankesteria diaphanis,NA,protozoan,NA,NA,NA,NA,NA,NA,present,235,all,NA,colonial,sessile,NA,parasite,obligate specialist,NA,NA,NA,NA,NA,NA,NA,NA,Taxonomic,Species,NA,NA,NA,NA,NA,3/18/24,NA,563054,Chromista,Myzozoa,Conoidasida,Eugregarinorida,Aseptatorina,Lecudinidae,Lankesteria,Harosa,Alveolata,Apicomplexa,Gregarinasina,NA,NA,NA,NA,NA,NA,NA,NA,NA,Sporozoa,NA,NA
2230,Lankesteria euherdmaniae,NA,protozoan,NA,NA,NA,NA,NA,NA,present,235,all,NA,colonial,sessile,NA,parasite,obligate specialist,NA,NA,NA,NA,NA,NA,NA,NA,Taxonomic,Species,NA,NA,NA,NA,NA,3/18/24,NA,563057,Chromista,Myzozoa,Conoidasida,Eugregarinorida,Aseptatorina,Lecudinidae,Lankesteria,Harosa,Alveolata,Apicomplexa,Gregarinasina,NA,NA,NA,NA,NA,NA,NA,NA,NA,Sporozoa,NA,NA
2231,Lankesteria montereyensis,NA,protozoan,NA,NA,NA,NA,NA,NA,present,235,all,NA,colonial,sessile,NA,parasite,obligate specialist,NA,NA,NA,NA,NA,NA,NA,NA,Taxonomic,Species,NA,NA,NA,NA,NA,3/18/24,NA,563065,Chromista,Myzozoa,Conoidasida,Eugregarinorida,Aseptatorina,Lecudinidae,Lankesteria,Harosa,Alveolata,Apicomplexa,Gregarinasina,NA,NA,NA,NA,NA,NA,NA,NA,NA,Sporozoa,NA,NA
2232,Lankesteria pescaderoensis,NA,protozoan,NA,NA,NA,NA,NA,NA,present,235,all,NA,colonial,sessile,NA,parasite,obligate specialist,NA,NA,NA,NA,NA,NA,NA,NA,Taxonomic,Species,NA,NA,NA,NA,NA,3/18/24,NA,563070,Chromista,Myzozoa,Conoidasida,Eugregarinorida,Aseptatorina,Lecudinidae,Lankesteria,Harosa,Alveolata,Apicomplexa,Gregarinasina,NA,NA,NA,NA,NA,NA,NA,NA,NA,Sporozoa,NA,NA
2233,Lankesteria pittendrighi,NA,protozoan,NA,NA,NA,NA,NA,NA,present,235,all,NA,colonial,sessile,NA,parasite,obligate specialist,NA,NA,NA,NA,NA,NA,NA,NA,Taxonomic,Species,NA,NA,NA,NA,NA,3/18/24,NA,563071,Chromista,Myzozoa,Conoidasida,Eugregarinorida,Aseptatorina,Lecudinidae,Lankesteria,Harosa,Alveolata,Apicomplexa,Gregarinasina,NA,NA,NA,NA,NA,NA,NA,NA,NA,Sporozoa,NA,NA
2234,Lankesteria psamnii,NA,protozoan,NA,NA,NA,NA,NA,NA,present,235,all,NA,colonial,sessile,NA,parasite,obligate specialist,NA,NA,NA,NA,NA,NA,NA,NA,Taxonomic,Species,NA,NA,NA,NA,NA,3/18/24,NA,NA,Chromista,Myzozoa,Conoidasida,Eugregarinorida,Aseptatorina,Lecudinidae,Lankesteria,NA,NA,Apicomplexa,NA,NA,NA,NA,NA,NA,NA,NA,NA,NA,NA,NA,NA
2235,Lankesteria ritterellae,NA,protozoan,NA,NA,NA,NA,NA,NA,present,235,all,NA,colonial,sessile,NA,parasite,obligate specialist,NA,NA,NA,NA,NA,NA,NA,NA,Taxonomic,Species,NA,NA,NA,NA,NA,3/18/24,NA,563073,Chromista,Myzozoa,Conoidasida,Eugregarinorida,Aseptatorina,Lecudinidae,Lankesteria,Harosa,Alveolata,Apicomplexa,Gregarinasina,NA,NA,NA,NA,NA,NA,NA,NA,NA,Sporozoa,NA,NA
2236,Lankesteria ritterii,NA,protozoan,NA,NA,NA,NA,NA,NA,present,235,all,NA,colonial,sessile,NA,parasite,obligate specialist,NA,NA,NA,NA,NA,NA,NA,NA,Taxonomic,Species,NA,NA,NA,NA,NA,3/18/24,NA,563074,Chromista,Myzozoa,Conoidasida,Eugregarinorida,Aseptatorina,Lecudinidae,Lankesteria,Harosa,Alveolata,Apicomplexa,Gregarinasina,NA,NA,NA,NA,NA,NA,NA,NA,NA,Sporozoa,NA,NA
2237,Lankesteria synoici,NA,protozoan,NA,NA,NA,NA,NA,NA,present,235,all,NA,colonial,sessile,NA,parasite,obligate specialist,NA,NA,NA,NA,NA,NA,NA,NA,Taxonomic,Species,NA,NA,NA,NA,NA,3/18/24,NA,563078,Chromista,Myzozoa,Conoidasida,Eugregarinorida,Aseptatorina,Lecudinidae,Lankesteria,Harosa,Alveolata,Apicomplexa,Gregarinasina,NA,NA,NA,NA,NA,NA,NA,NA,NA,Sporozoa,NA,NA
2239,Lasiotocus sp.,NA,trematode,NA,NA,NA,adult,NA,NA,present,205,all,NA,solitary,sessile,NA,parasite,obligate generalist,NA,NA,NA,NA,NA,NA,NA,NA,Taxonomic,Genus,NA,NA,NA,NA,NA,3/18/24,NA,108646,Animalia,Platyhelminthes,Trematoda,Plagiorchiida,Monorchiata,Monorchiidae,Lasiotocus,NA,NA,Rhabditophora,Digenea,NA,Monorchioidea,NA,Neodermata,Monorchiinae,NA,NA,NA,NA,NA,NA,NA
2115,Lecithaster gibbosus,NA,trematode,NA,NA,NA,adult,NA,NA,present,205,all,NA,solitary,sessile,NA,parasite,obligate generalist,NA,NA,NA,NA,NA,NA,NA,NA,Taxonomic,Species,NA,NA,NA,NA,NA,3/18/24,NA,109364,Animalia,Platyhelminthes,Trematoda,Plagiorchiida,Hemiurata,Lecithasteridae,Lecithaster,NA,NA,Rhabditophora,Digenea,NA,Hemiuroidea,NA,Neodermata,Lecithasterinae,NA,NA,NA,NA,NA,NA,NA
2158,Lecithochirium exodicum,Sterrhurus exodicus,trematode,NA,NA,NA,adult,NA,NA,present,205,all,NA,solitary,sessile,NA,parasite,obligate generalist,NA,NA,NA,NA,NA,NA,NA,NA,Taxonomic,Species,NA,NA,NA,NA,NA,3/18/24,NA,726841,Animalia,Platyhelminthes,Trematoda,Plagiorchiida,Hemiurata,Hemiuridae,Lecithochirium,NA,NA,Rhabditophora,Digenea,NA,Hemiuroidea,NA,Neodermata,Lecithochiriinae,NA,NA,NA,NA,NA,NA,NA
2240,Lecithophyllum botryophoron,NA,trematode,NA,NA,NA,adult,NA,NA,present,205,all,NA,solitary,sessile,NA,parasite,obligate generalist,NA,NA,NA,NA,NA,NA,NA,NA,Taxonomic,Species,NA,NA,NA,NA,NA,3/18/24,NA,109366,Animalia,Platyhelminthes,Trematoda,Plagiorchiida,Hemiurata,Lecithasteridae,Lecithophyllum,NA,NA,Rhabditophora,Digenea,NA,Hemiuroidea,NA,Neodermata,Lecithasterinae,NA,NA,NA,NA,NA,NA,NA
2246,Lepeophtheirus sp.,NA,copepod,NA,NA,NA,adult,NA,NA,present,205,all,NA,solitary,sessile,NA,ectoparasite,obligate,NA,NA,NA,NA,NA,NA,NA,NA,Taxonomic,Species,NA,NA,NA,NA,NA,3/18/24,NA,135568,Animalia,Arthropoda,Copepoda,Siphonostomatoida,NA,Caligidae,Lepeophtheirus,NA,NA,Crustacea,NA,NA,NA,NA,Multicrustacea,NA,Podoplea,NA,NA,Neocopepoda,NA,NA,NA
2241,Lepeophtheirus constrictus,NA,copepod,NA,NA,NA,adult,NA,NA,present,205,all,NA,solitary,sessile,NA,ectoparasite,obligate,NA,NA,NA,NA,NA,NA,NA,NA,Taxonomic,Species,NA,NA,NA,NA,NA,3/18/24,NA,352718,Animalia,Arthropoda,Copepoda,Siphonostomatoida,NA,Caligidae,Lepeophtheirus,NA,NA,Crustacea,NA,NA,NA,NA,Multicrustacea,NA,Podoplea,NA,NA,Neocopepoda,NA,NA,NA
2242,Lepeophtheirus cuneifer,NA,copepod,NA,NA,NA,adult,NA,NA,present,205,all,NA,solitary,sessile,NA,ectoparasite,obligate,NA,NA,NA,NA,NA,NA,NA,NA,Taxonomic,Species,NA,NA,NA,NA,NA,3/18/24,NA,352719,Animalia,Arthropoda,Copepoda,Siphonostomatoida,NA,Caligidae,Lepeophtheirus,NA,NA,Crustacea,NA,NA,NA,NA,Multicrustacea,NA,Podoplea,NA,NA,Neocopepoda,NA,NA,NA
2245,Lepeophtheirus dissimulatus,NA,copepod,NA,NA,NA,adult,NA,NA,present,205,all,NA,solitary,sessile,NA,ectoparasite,obligate,NA,NA,NA,NA,NA,NA,NA,NA,Taxonomic,Species,NA,NA,NA,NA,NA,3/18/24,NA,135774,Animalia,Arthropoda,Copepoda,Siphonostomatoida,NA,Caligidae,Lepeophtheirus,NA,NA,Crustacea,NA,NA,NA,NA,Multicrustacea,NA,Podoplea,NA,NA,Neocopepoda,NA,NA,NA
2243,Lepeophtheirus hexagrammi,NA,copepod,NA,NA,NA,adult,NA,NA,present,205,all,NA,solitary,sessile,NA,ectoparasite,obligate,NA,NA,NA,NA,NA,NA,NA,NA,Taxonomic,Species,NA,NA,NA,NA,NA,3/18/24,NA,352731,Animalia,Arthropoda,Copepoda,Siphonostomatoida,NA,Caligidae,Lepeophtheirus,NA,NA,Crustacea,NA,NA,NA,NA,Multicrustacea,NA,Podoplea,NA,NA,Neocopepoda,NA,NA,NA
2244,Lepeophtheirus parvus,NA,copepod,NA,NA,NA,adult,NA,NA,present,205,all,NA,solitary,sessile,NA,ectoparasite,obligate,NA,NA,NA,NA,NA,NA,NA,NA,Taxonomic,Species,NA,NA,NA,NA,NA,3/18/24,NA,352764,Animalia,Arthropoda,Copepoda,Siphonostomatoida,NA,Caligidae,Lepeophtheirus,NA,NA,Crustacea,NA,NA,NA,NA,Multicrustacea,NA,Podoplea,NA,NA,Neocopepoda,NA,NA,NA
2247,Lepidophyllum cameroni,NA,trematode,NA,NA,NA,adult,NA,NA,present,205,all,NA,solitary,sessile,NA,parasite,obligate generalist,NA,NA,NA,NA,NA,NA,NA,NA,Taxonomic,Species,NA,NA,NA,NA,NA,3/18/24,NA,768051,Animalia,Platyhelminthes,Trematoda,Plagiorchiida,Xiphidiata,Zoogonidae,Lepidophyllum,NA,NA,Rhabditophora,Digenea,NA,Microphalloidea,NA,Neodermata,Lepidophyllinae,NA,NA,NA,NA,NA,NA,NA
2160,Littorellicola sebastodorum,Psettarium sebastodorum,trematode,NA,NA,NA,adult,NA,NA,present,205,all,NA,solitary,sessile,NA,parasite,obligate generalist,NA,NA,NA,NA,NA,NA,NA,NA,Taxonomic,Species,NA,NA,NA,NA,NA,3/18/24,NA,725771,Animalia,Platyhelminthes,Trematoda,Diplostomida,Diplostomata,Aporocotylidae,Littorellicola,NA,NA,Rhabditophora,Digenea,NA,Schistosomatoidea,NA,Neodermata,NA,NA,NA,NA,NA,NA,NA,NA
2177,Lituaria sp.,Clavella sp.,copepod,NA,NA,NA,adult,NA,NA,present,205,all,NA,solitary,sessile,NA,ectoparasite,obligate generalist,NA,NA,NA,NA,NA,NA,NA,NA,Taxonomic,Genus,NA,NA,NA,NA,NA,3/18/24,NA,205229,Animalia,Cnidaria,Octocorallia,Scleralcyonacea,NA,Veretillidae,Lituaria,NA,NA,Anthozoa,NA,NA,Pennatuloidea,NA,NA,NA,NA,NA,NA,NA,NA,NA,NA
2285,Megalocotyle marginata,Trochopus marginata,monogene,NA,NA,NA,adult,NA,NA,present,205,all,NA,solitary,sessile,NA,ectoparasite,obligate,NA,NA,NA,NA,NA,NA,NA,NA,Taxonomic,Species,NA,NA,NA,NA,NA,3/18/24,NA,717771,Animalia,Platyhelminthes,Monogenea,Capsalidea,NA,Capsalidae,Megalocotyle,NA,NA,Rhabditophora,Monopisthocotylea,NA,NA,NA,Neodermata,NA,NA,NA,NA,NA,NA,NA,NA
2128,Microcotyle sebastis,NA,monogene,NA,NA,NA,adult,NA,NA,present,205,all,NA,solitary,sessile,NA,ectoparasite,obligate generalist,NA,NA,NA,NA,NA,NA,NA,NA,Taxonomic,Species,NA,NA,NA,NA,NA,3/18/24,NA,119763,Animalia,Platyhelminthes,Monogenea,Mazocraeidea,NA,Microcotylidae,Microcotyle,NA,NA,Rhabditophora,Polyopisthocotylea,NA,NA,NA,Neodermata,Microcotylinae,NA,NA,NA,NA,NA,NA,NA
2250,Monorchis sp.,NA,trematode,NA,NA,NA,adult,NA,NA,present,205,all,NA,solitary,sessile,NA,parasite,obligate,NA,NA,NA,NA,NA,NA,NA,NA,Taxonomic,Genus,NA,NA,NA,NA,NA,3/18/24,NA,NA,Animalia,Platyhelminthes,Trematoda,Plagiorchiida,Monorchiata,Monorchiidae,Monorchis,NA,NA,Rhabditophora,Digenea,NA,NA,NA,NA,NA,NA,NA,NA,NA,NA,NA,NA
2167,Myxidium calcariferi,NA,myxozoan,NA,NA,NA,adult,NA,NA,present,205,all,NA,solitary,sessile,NA,parasite,obligate generalist,NA,NA,NA,NA,NA,NA,NA,NA,Taxonomic,Species,NA,NA,NA,NA,NA,3/18/24,NA,NA,Animalia,Cnidaria,Myxozoa,Bivalvulida,Variisporina,Myxidiidae,Myxidium,NA,NA,Endocnidozoa,NA,NA,NA,NA,NA,NA,NA,NA,NA,NA,NA,NA,NA
2147,Myxidium incurvatum,NA,myxozoan,NA,NA,NA,adult,NA,NA,present,205,all,NA,solitary,sessile,NA,parasite,obligate generalist,NA,NA,NA,NA,NA,NA,NA,NA,Taxonomic,Species,NA,NA,NA,NA,NA,3/18/24,NA,120400,Animalia,Cnidaria,Myxozoa,Bivalvulida,Variisporina,Myxidiidae,Myxidium,NA,NA,Endocnidozoa,NA,NA,NA,NA,NA,NA,NA,NA,NA,NA,NA,NA,NA
2251,Myxidium oviforme,NA,myxozoan,NA,NA,NA,adult,NA,NA,present,205,all,NA,solitary,sessile,NA,parasite,obligate,NA,NA,NA,NA,NA,NA,NA,NA,Taxonomic,Species,NA,NA,NA,NA,NA,3/18/24,NA,120411,Animalia,Cnidaria,Myxozoa,Bivalvulida,Variisporina,Myxidiidae,Myxidium,NA,NA,Endocnidozoa,NA,NA,NA,NA,NA,NA,NA,NA,NA,NA,NA,NA,NA
2206,Myxodavisia sp.,Davisia sp.,myxozoan,NA,NA,NA,adult,NA,NA,present,205,all,NA,solitary,sessile,NA,parasite,obligate generalist,NA,NA,NA,NA,NA,NA,NA,NA,Taxonomic,Genus,NA,NA,NA,NA,NA,3/18/24,NA,863125,Animalia,Cnidaria,Myxozoa,Bivalvulida,Variisporina,Sinuolineidae,Myxodavisia,NA,NA,Endocnidozoa,NA,NA,NA,NA,NA,NA,NA,NA,NA,NA,NA,NA,NA
2205,Myxodavisia reginae,Davisia reginae,myxozoan,NA,NA,NA,adult,NA,NA,present,205,all,NA,solitary,sessile,NA,parasite,obligate generalist,NA,NA,NA,NA,NA,NA,NA,NA,Taxonomic,Species,NA,NA,NA,NA,NA,3/18/24,NA,1022794,Animalia,Cnidaria,Myxozoa,Bivalvulida,Variisporina,Sinuolineidae,Myxodavisia,NA,NA,Endocnidozoa,NA,NA,NA,NA,NA,NA,NA,NA,NA,NA,NA,NA,NA
2166,Neobenedenia girellae,NA,monogene,NA,NA,NA,adult,NA,NA,present,205,all,NA,solitary,sessile,NA,ectoparasite,obligate generalist,NA,NA,NA,NA,NA,NA,NA,NA,Taxonomic,Species,NA,NA,NA,NA,NA,3/18/24,NA,518669,Animalia,Platyhelminthes,Monogenea,Capsalidea,NA,Capsalidae,Neobenedenia,NA,NA,Rhabditophora,Monopisthocotylea,NA,NA,NA,Neodermata,NA,NA,NA,NA,NA,NA,NA,NA
2254,Neophasis oculata,NA,trematode,NA,NA,NA,adult,NA,NA,present,205,all,NA,solitary,sessile,NA,parasite,obligate generalist,NA,NA,NA,NA,NA,NA,NA,NA,Taxonomic,Species,NA,NA,NA,NA,NA,3/18/24,NA,752018,Animalia,Platyhelminthes,Trematoda,Plagiorchiida,Xiphidiata,Acanthocolpidae,Neophasis,NA,NA,Rhabditophora,Digenea,NA,Brachycladioidea,NA,Neodermata,NA,NA,NA,NA,NA,NA,NA,NA
2165,Neozoogonus californicus,NA,trematode,NA,NA,NA,adult,NA,NA,present,205,all,NA,solitary,sessile,NA,parasite,obligate generalist,NA,NA,NA,NA,NA,NA,NA,NA,Taxonomic,Species,NA,NA,NA,NA,NA,3/18/24,NA,768085,Animalia,Platyhelminthes,Trematoda,Plagiorchiida,Xiphidiata,Zoogonidae,Neozoogonus,NA,NA,Rhabditophora,Digenea,NA,Microphalloidea,NA,Neodermata,Zoogoninae,NA,NA,NA,NA,NA,NA,NA
2127,Nerocila californica,NA,isopod,NA,NA,NA,adult,NA,NA,present,205,all,NA,solitary,sessile,NA,ectoparasite,obligate generalist,NA,NA,NA,NA,NA,NA,NA,NA,Taxonomic,Species,NA,NA,NA,NA,NA,3/18/24,NA,256841,Animalia,Arthropoda,Malacostraca,Isopoda,Cymothoida,Cymothoidae,Nerocila,NA,NA,Crustacea,Eumalacostraca,NA,Cymothooidea,NA,Multicrustacea,NA,Peracarida,NA,NA,NA,NA,NA,NA
2111,Numenius americanus,NA,bird,long-billed curlew,NA,NA,adult,NA,NA,present,189,middle,NA,solitary,mobile,NA,typical predator,NA,NA,NA,NA,NA,NA,NA,NA,NA,Taxonomic,Species,NA,NA,NA,NA,NA,3/18/24,NA,366865,Animalia,Chordata,Aves,Charadriiformes,NA,Scolopacidae,Numenius,NA,NA,Vertebrata,NA,NA,NA,Tetrapoda,Reptilia,NA,NA,NA,NA,NA,Gnathostomata,NA,NA
2256,Opechona parvasoma,NA,trematode,NA,NA,NA,adult,NA,NA,present,205,all,NA,solitary,sessile,NA,parasite,obligate generalist,NA,NA,NA,NA,NA,NA,NA,NA,Taxonomic,Species,NA,NA,NA,NA,NA,3/18/24,NA,727468,Animalia,Platyhelminthes,Trematoda,Plagiorchiida,Lepocreadiata,Lepocreadiidae,Opechona,NA,NA,Rhabditophora,Digenea,NA,Lepocreadioidea,NA,Neodermata,NA,NA,NA,NA,NA,NA,NA,NA
2146,Opecoelus adsphaericus,NA,trematode,NA,NA,NA,adult,NA,NA,present,205,all,NA,solitary,sessile,NA,parasite,obligate generalist,NA,NA,NA,NA,NA,NA,NA,NA,Taxonomic,Species,NA,NA,NA,NA,NA,3/18/24,NA,NA,Animalia,Platyhelminthes,Trematoda,Plagiorchiida,Xiphidiata,Opecoelidae,Opecoelus,NA,NA,Rhabditophora,Digenea,NA,NA,NA,NA,NA,NA,NA,NA,NA,NA,NA,NA
2164,Opecoelus cameroni,Opegaster cameroni,trematode,NA,NA,NA,adult,NA,NA,present,205,all,NA,solitary,sessile,NA,parasite,obligate generalist,NA,NA,NA,NA,NA,NA,NA,NA,Taxonomic,Species,NA,NA,NA,NA,NA,3/18/24,NA,728409,Animalia,Platyhelminthes,Trematoda,Plagiorchiida,Xiphidiata,Opecoelidae,Opecoelus,NA,NA,Rhabditophora,Digenea,NA,Opecoeloidea,NA,Neodermata,Opecoelinae,NA,NA,NA,NA,NA,NA,NA
2257,Opecoelus inimici,NA,trematode,NA,NA,NA,adult,NA,NA,present,205,all,NA,solitary,sessile,NA,parasite,obligate generalist,NA,NA,NA,NA,NA,NA,NA,NA,Taxonomic,Species,NA,NA,NA,NA,NA,3/18/24,NA,728415,Animalia,Platyhelminthes,Trematoda,Plagiorchiida,Xiphidiata,Opecoelidae,Opecoelus,NA,NA,Rhabditophora,Digenea,NA,Opecoeloidea,NA,Neodermata,Opecoelinae,NA,NA,NA,NA,NA,NA,NA
2258,Opisthadena bodegensis,NA,trematode,NA,NA,NA,adult,NA,NA,present,205,all,NA,solitary,sessile,NA,parasite,obligate generalist,NA,NA,NA,NA,NA,NA,NA,NA,Taxonomic,Species,NA,NA,NA,NA,NA,3/18/24,NA,726953,Animalia,Platyhelminthes,Trematoda,Plagiorchiida,Hemiurata,Bunocotylidae,Opisthadena,NA,NA,Rhabditophora,Digenea,NA,Hemiuroidea,NA,Neodermata,Opisthadeninae,NA,NA,NA,NA,NA,NA,NA
2259,Opisthadena cheni,NA,trematode,NA,NA,NA,adult,NA,NA,present,205,all,NA,solitary,sessile,NA,parasite,obligate generalist,NA,NA,NA,NA,NA,NA,NA,NA,Taxonomic,Species,NA,NA,NA,NA,NA,3/18/24,NA,726954,Animalia,Platyhelminthes,Trematoda,Plagiorchiida,Hemiurata,Bunocotylidae,Opisthadena,NA,NA,Rhabditophora,Digenea,NA,Hemiuroidea,NA,Neodermata,Opisthadeninae,NA,NA,NA,NA,NA,NA,NA
2260,Ostreobdella papillata,NA,leech,NA,NA,NA,adult,NA,NA,present,205,all,NA,solitary,sessile,NA,ectoparasite,obligate,NA,NA,NA,NA,NA,NA,NA,NA,Taxonomic,Species,NA,NA,NA,NA,NA,3/18/24,NA,370652,Animalia,Annelida,Clitellata,Rhynchobdellida,NA,Piscicolidae,Ostreobdella,NA,NA,NA,Hirudinea,NA,NA,NA,NA,Platybdellinae,NA,NA,NA,Euhirudinea,NA,NA,NA
2261,Otodistomum veliporum,NA,trematode,NA,NA,NA,adult,NA,NA,present,205,all,NA,solitary,sessile,NA,parasite,obligate generalist,NA,NA,NA,NA,NA,NA,NA,NA,Taxonomic,Species,NA,NA,NA,NA,NA,3/18/24,NA,109253,Animalia,Platyhelminthes,Trematoda,Plagiorchiida,Hemiurata,Azygiidae,Otodistomum,NA,NA,Rhabditophora,Digenea,NA,Azygioidea,NA,Neodermata,Azygiinae,NA,NA,NA,NA,NA,NA,NA
2252,Parabrachiella robusta,Neobrachiella robusta,copepod,NA,NA,NA,adult,NA,NA,present,205,all,NA,solitary,sessile,NA,ectoparasite,obligate,NA,NA,NA,NA,NA,NA,NA,NA,Taxonomic,Species,NA,NA,NA,NA,NA,3/18/24,NA,478471,Animalia,Arthropoda,Copepoda,Siphonostomatoida,NA,Lernaeopodidae,Parabrachiella,NA,NA,Crustacea,NA,NA,NA,NA,Multicrustacea,NA,Podoplea,NA,NA,Neocopepoda,NA,NA,NA
2262,Parafilaroides decorus,NA,nematode,NA,NA,NA,larva,NA,NA,present,205,all,NA,solitary,sessile,NA,parasite,obligate generalist,NA,NA,NA,NA,NA,NA,NA,NA,Taxonomic,Species,NA,NA,NA,NA,NA,3/18/24,NA,459057,Animalia,Nematoda,Chromadorea,Rhabditida,Rhabditina,Filaroididae,Parafilaroides,NA,NA,NA,Chromadoria,Rhabditomorpha,Strongyloidea,NA,NA,NA,NA,NA,NA,NA,NA,NA,NA
2143,Peachia quinquecapitata,NA,anemone,twelve tentacled parasitic anemone,NA,NA,larva,NA,NA,present,246,all,NA,solitary,sessile,NA,parasite,obligate generalist,NA,NA,NA,NA,NA,NA,NA,NA,Taxonomic,Species,NA,NA,NA,NA,NA,3/18/24,NA,283586,Animalia,Cnidaria,Hexacorallia,Actiniaria,Enthemonae,Peachiidae,Peachia,NA,NA,Anthozoa,NA,NA,Actinioidea,NA,NA,NA,NA,NA,NA,NA,NA,NA,NA
2144,Peachia quinquecapitata,NA,anemone,twelve tentacled parasitic anemone,NA,NA,juvenile,NA,NA,present,246,all,NA,solitary,sessile,NA,parasitic castrator,obligate generalist,NA,NA,NA,NA,NA,NA,NA,NA,Taxonomic,Species,NA,NA,NA,NA,NA,3/18/24,NA,283586,Animalia,Cnidaria,Hexacorallia,Actiniaria,Enthemonae,Peachiidae,Peachia,NA,NA,Anthozoa,NA,NA,Actinioidea,NA,NA,NA,NA,NA,NA,NA,NA,NA,NA
2145,Peachia quinquecapitata,NA,anemone,twelve tentacled parasitic anemone,NA,NA,adult,NA,NA,present,246,all,NA,solitary,sessile,NA,filter feeder,generalist,NA,NA,NA,NA,NA,NA,NA,NA,Taxonomic,Species,NA,NA,NA,NA,NA,3/18/24,NA,283586,Animalia,Cnidaria,Hexacorallia,Actiniaria,Enthemonae,Peachiidae,Peachia,NA,NA,Anthozoa,NA,NA,Actinioidea,NA,NA,NA,NA,NA,NA,NA,NA,NA,NA
2142,Phocanema sp.,NA,nematode,NA,NA,NA,larva,NA,NA,present,205,all,NA,solitary,sessile,NA,parasite,obligate generalist,NA,NA,NA,NA,NA,NA,NA,NA,Taxonomic,Genus,NA,NA,NA,NA,NA,3/18/24,NA,527905,Animalia,Nematoda,Chromadorea,Rhabditida,Spirurina,Anisakidae,Phocanema,NA,NA,NA,Chromadoria,Ascaridomorpha,Ascaridoidea,NA,NA,NA,NA,NA,NA,NA,NA,NA,NA
2162,Phocanema decipiens,NA,nematode,NA,NA,NA,larva,NA,NA,present,205,all,NA,solitary,sessile,NA,parasite,obligate generalist,NA,NA,NA,NA,NA,NA,NA,NA,Taxonomic,Species,NA,NA,NA,NA,NA,3/18/24,NA,NA,Animalia,Nematoda,Chromadorea,Rhabditida,Spirurina,Anisakidae,Phocanema,NA,NA,NA,Chromadoria,Ascaridomorpha,Ascaridoidea,NA,NA,NA,NA,NA,NA,NA,NA,NA,NA
2263,Phyllobothrium sp.,NA,cestode,NA,NA,NA,plerocercoid,NA,NA,present,205,all,NA,solitary,sessile,NA,parasite,obligate generalist,NA,NA,NA,NA,NA,NA,NA,NA,Taxonomic,Unidentified Species,NA,NA,NA,NA,NA,3/18/24,NA,105049,Animalia,Platyhelminthes,Cestoda,Phyllobothriidea,NA,Phyllobothriidae,Phyllobothrium,NA,NA,Rhabditophora,Eucestoda,NA,NA,NA,Neodermata,NA,NA,NA,NA,NA,NA,NA,NA
2120,Podocotyle sp.,NA,trematode,NA,NA,NA,adult,NA,NA,present,205,all,NA,solitary,sessile,NA,parasite,obligate generalist,NA,NA,NA,NA,NA,NA,NA,NA,Taxonomic,Genus,NA,NA,NA,NA,NA,3/18/24,NA,NA,Animalia,Platyhelminthes,Trematoda,Plagiorchiida,Xiphidiata,Opecoelidae,Podocotyle,NA,NA,Rhabditophora,Digenea,NA,Opecoeloidea,NA,NA,NA,NA,NA,NA,NA,NA,NA,NA
2264,Podocotyle apodichthysi,NA,trematode,NA,NA,NA,adult,NA,NA,present,205,all,NA,solitary,sessile,NA,parasite,obligate generalist,NA,NA,NA,NA,NA,NA,NA,NA,Taxonomic,Species,NA,NA,NA,NA,NA,3/18/24,NA,757411,Animalia,Platyhelminthes,Trematoda,Plagiorchiida,Xiphidiata,Opecoelidae,Podocotyle,NA,NA,Rhabditophora,Digenea,NA,Opecoeloidea,NA,Neodermata,Podocotylinae,NA,NA,NA,NA,NA,NA,NA
2126,Podocotyle atomon,NA,trematode,NA,NA,NA,adult,NA,NA,present,205,all,NA,solitary,sessile,NA,parasite,obligate generalist,NA,NA,NA,NA,NA,NA,NA,NA,Taxonomic,Species,NA,NA,NA,NA,NA,3/18/24,NA,108908,Animalia,Platyhelminthes,Trematoda,Plagiorchiida,Xiphidiata,Opecoelidae,Podocotyle,NA,NA,Rhabditophora,Digenea,NA,Opecoeloidea,NA,Neodermata,Podocotylinae,NA,NA,NA,NA,NA,NA,NA
2113,Podocotyle californica,NA,trematode,NA,NA,NA,adult,NA,NA,present,205,all,NA,solitary,sessile,NA,parasite,obligate generalist,NA,NA,NA,NA,NA,NA,NA,NA,Taxonomic,Species,NA,NA,NA,NA,NA,3/18/24,NA,757419,Animalia,Platyhelminthes,Trematoda,Plagiorchiida,Xiphidiata,Opecoelidae,Podocotyle,NA,NA,Rhabditophora,Digenea,NA,Opecoeloidea,NA,Neodermata,Podocotylinae,NA,NA,NA,NA,NA,NA,NA
2121,Podocotyle enophrysi,NA,trematode,NA,NA,NA,adult,NA,NA,present,205,all,NA,solitary,sessile,NA,parasite,obligate generalist,NA,NA,NA,NA,NA,NA,NA,NA,Taxonomic,Species,NA,NA,NA,NA,NA,3/18/24,NA,1261510,Animalia,Platyhelminthes,Trematoda,Plagiorchiida,Xiphidiata,Opecoelidae,Podocotyle,NA,NA,Rhabditophora,Digenea,NA,Opecoeloidea,NA,Neodermata,Podocotylinae,NA,NA,NA,NA,NA,NA,NA
2125,Podocotyle sinusacca,NA,trematode,NA,NA,NA,adult,NA,NA,present,205,all,NA,solitary,sessile,NA,parasite,obligate generalist,NA,NA,NA,NA,NA,NA,NA,NA,Taxonomic,Species,NA,NA,NA,NA,NA,3/18/24,NA,757441,Animalia,Platyhelminthes,Trematoda,Plagiorchiida,Xiphidiata,Opecoelidae,Podocotyle,NA,NA,Rhabditophora,Digenea,NA,Opecoeloidea,NA,Neodermata,Podocotylinae,NA,NA,NA,NA,NA,NA,NA
2135,Pontobdella moorei,Stibarobdella moorei,leech,NA,NA,NA,adult,NA,NA,present,"170, 171",all,NA,solitary,sessile,NA,ectoparasite,obligate generalist,NA,NA,NA,NA,NA,NA,NA,NA,Taxonomic,Species,NA,NA,NA,NA,NA,3/18/24,NA,370746,Animalia,Annelida,Clitellata,Rhynchobdellida,NA,Piscicolidae,Pontobdella,NA,NA,NA,Hirudinea,NA,NA,NA,NA,Pontobdellinae,NA,NA,NA,Euhirudinea,NA,NA,NA
2136,Procamallanus (Spirocamallanus) pereirai,NA,nematode,NA,NA,NA,adult,NA,NA,present,205,all,NA,solitary,sessile,NA,parasite,obligate generalist,NA,NA,NA,NA,NA,NA,NA,NA,Taxonomic,Species,NA,NA,NA,NA,NA,3/18/24,NA,990810,Animalia,Nematoda,Chromadorea,Rhabditida,Spirurina,Camallanidae,Procamallanus,NA,NA,NA,Chromadoria,Spiruromorpha,Camallanoidea,NA,NA,NA,NA,NA,NA,NA,NA,Procamallanus (Spirocamallanus),NA
2255,Prodistomum orientale,Opechona orientalis,trematode,NA,NA,NA,adult,NA,NA,present,205,all,NA,solitary,sessile,NA,parasite,obligate generalist,NA,NA,NA,NA,NA,NA,NA,NA,Taxonomic,Species,NA,NA,NA,NA,NA,3/18/24,NA,108993,Animalia,Platyhelminthes,Trematoda,Plagiorchiida,Lepocreadiata,Lepocreadiidae,Prodistomum,NA,NA,Rhabditophora,Digenea,NA,Lepocreadioidea,NA,Neodermata,NA,NA,NA,NA,NA,NA,NA,NA
2214,Progonus muelleri,Genarchopsis muelleri,trematode,NA,NA,NA,adult,NA,NA,present,205,all,NA,solitary,sessile,NA,parasite,obligate generalist,NA,NA,NA,NA,NA,NA,NA,NA,Taxonomic,Species,NA,NA,NA,NA,NA,3/18/24,NA,109275,Animalia,Platyhelminthes,Trematoda,Plagiorchiida,Hemiurata,Derogenidae,Progonus,NA,NA,Rhabditophora,Digenea,NA,Hemiuroidea,NA,Neodermata,Derogeninae,NA,NA,NA,NA,NA,NA,NA
2271,Pronoprymna petrowi,Pseudopentagramma petrowi,trematode,NA,NA,NA,adult,NA,NA,present,205,all,NA,solitary,sessile,NA,parasite,obligate generalist,NA,NA,NA,NA,NA,NA,NA,NA,Taxonomic,Species,NA,NA,NA,NA,NA,3/18/24,NA,767638,Animalia,Platyhelminthes,Trematoda,Plagiorchiida,Xiphidiata,Faustulidae,Pronoprymna,NA,NA,Rhabditophora,Digenea,NA,Microphalloidea,NA,Neodermata,NA,NA,NA,NA,NA,NA,NA,NA
2249,Prosomicrocotyla chiri,Microcotyle chiri,monogene,NA,NA,NA,adult,NA,NA,present,205,all,NA,solitary,sessile,NA,ectoparasite,obligate,NA,NA,NA,NA,NA,NA,NA,NA,Taxonomic,Species,NA,NA,NA,NA,NA,3/18/24,NA,718174,Animalia,Platyhelminthes,Monogenea,Mazocraeidea,NA,Microcotylidae,Prosomicrocotyla,NA,NA,Rhabditophora,Polyopisthocotylea,NA,NA,NA,Neodermata,Prosomicrocotylinae,NA,NA,NA,NA,NA,NA,NA
2265,Prosomicrocotyla gotoi,NA,monogene,NA,NA,NA,adult,NA,NA,present,205,all,NA,solitary,sessile,NA,parasite,obligate generalist,NA,NA,NA,NA,NA,NA,NA,NA,Taxonomic,Species,NA,NA,NA,NA,NA,3/18/24,NA,718175,Animalia,Platyhelminthes,Monogenea,Mazocraeidea,NA,Microcotylidae,Prosomicrocotyla,NA,NA,Rhabditophora,Polyopisthocotylea,NA,NA,NA,Neodermata,Prosomicrocotylinae,NA,NA,NA,NA,NA,NA,NA
2267,Prosorhynchoides sp.,NA,trematode,NA,NA,NA,metacercaria,NA,NA,present,205,all,NA,solitary,sessile,NA,parasite,obligate generalist,NA,NA,NA,NA,NA,NA,NA,NA,Taxonomic,Unidentified Species,NA,NA,NA,NA,NA,3/18/24,NA,108672,Animalia,Platyhelminthes,Trematoda,Plagiorchiida,Bucephalata,Bucephalidae,Prosorhynchoides,NA,NA,Rhabditophora,Digenea,NA,Bucephaloidea,NA,Neodermata,Bucephalinae,NA,NA,NA,NA,NA,NA,NA
2266,Prosorhynchoides ozakii,NA,trematode,NA,NA,NA,adult,NA,NA,present,205,all,NA,solitary,sessile,NA,parasite,obligate generalist,NA,NA,NA,NA,NA,NA,NA,NA,Taxonomic,Species,NA,NA,NA,NA,NA,3/18/24,NA,725948,Animalia,Platyhelminthes,Trematoda,Plagiorchiida,Bucephalata,Bucephalidae,Prosorhynchoides,NA,NA,Rhabditophora,Digenea,NA,Bucephaloidea,NA,Neodermata,Bucephalinae,NA,NA,NA,NA,NA,NA,NA
2140,Prosorhynchus sp.,NA,trematode,NA,NA,NA,metacercaria,NA,NA,present,205,all,NA,solitary,sessile,NA,parasite,obligate generalist,NA,NA,NA,NA,NA,NA,NA,NA,Taxonomic,Species,NA,NA,NA,NA,NA,3/18/24,NA,108673,Animalia,Platyhelminthes,Trematoda,Plagiorchiida,Bucephalata,Bucephalidae,Prosorhynchus,NA,NA,Rhabditophora,Digenea,NA,Bucephaloidea,NA,Neodermata,Prosorhynchinae,NA,NA,NA,NA,NA,NA,NA
2141,Prosorhynchus sp.,NA,trematode,NA,NA,NA,adult,NA,NA,present,205,all,NA,solitary,sessile,NA,parasite,obligate generalist,NA,NA,NA,NA,NA,NA,NA,NA,Taxonomic,Species,NA,NA,NA,NA,NA,3/18/24,NA,108673,Animalia,Platyhelminthes,Trematoda,Plagiorchiida,Bucephalata,Bucephalidae,Prosorhynchus,NA,NA,Rhabditophora,Digenea,NA,Bucephaloidea,NA,Neodermata,Prosorhynchinae,NA,NA,NA,NA,NA,NA,NA
2161,Prosorhynchus scalpellus,NA,trematode,NA,NA,NA,adult,NA,NA,present,205,all,NA,solitary,sessile,NA,parasite,obligate generalist,NA,NA,NA,NA,NA,NA,NA,NA,Taxonomic,Species,NA,NA,NA,NA,NA,3/18/24,NA,579693,Animalia,Platyhelminthes,Trematoda,Plagiorchiida,Bucephalata,Bucephalidae,Prosorhynchus,NA,NA,Rhabditophora,Digenea,NA,Bucephaloidea,NA,Neodermata,Prosorhynchinae,NA,NA,NA,NA,NA,NA,NA
2268,Prosorhynchus squamatus,NA,trematode,NA,NA,NA,adult,NA,NA,present,205,all,NA,solitary,sessile,NA,parasite,obligate generalist,NA,NA,NA,NA,NA,NA,NA,NA,Taxonomic,Species,NA,NA,NA,NA,NA,3/18/24,NA,109164,Animalia,Platyhelminthes,Trematoda,Plagiorchiida,Bucephalata,Bucephalidae,Prosorhynchus,NA,NA,Rhabditophora,Digenea,NA,Bucephaloidea,NA,Neodermata,Prosorhynchinae,NA,NA,NA,NA,NA,NA,NA
2109,Pseudodelphis oligocotti,NA,NA,NA,NA,NA,adult,NA,NA,NA,85,NA,NA,NA,NA,NA,NA,NA,NA,NA,NA,NA,NA,NA,NA,NA,Taxonomic,Species,NA,NA,NA,NA,NA,3/18/24,NA,991803,Animalia,Nematoda,Chromadorea,Rhabditida,Spirurina,Guyanemidae,Pseudodelphis,NA,NA,NA,Chromadoria,Spirurina incertae sedis,Dracunculoidea,NA,NA,NA,NA,NA,NA,NA,NA,NA,NA
2270,Pseudopecoelus gibbonsiae,NA,trematode,NA,NA,NA,adult,NA,NA,present,205,all,NA,solitary,sessile,NA,parasite,obligate generalist,NA,NA,NA,NA,NA,NA,NA,NA,Taxonomic,Species,NA,NA,NA,NA,NA,3/18/24,NA,757472,Animalia,Platyhelminthes,Trematoda,Plagiorchiida,Xiphidiata,Opecoelidae,Pseudopecoelus,NA,NA,Rhabditophora,Digenea,NA,Opecoeloidea,NA,Neodermata,Opecoelinae,NA,NA,NA,NA,NA,NA,NA
2269,Pseudopecoelus umbrinae,NA,trematode,NA,NA,NA,adult,NA,NA,present,205,all,NA,solitary,sessile,NA,parasite,obligate generalist,NA,NA,NA,NA,NA,NA,NA,NA,Taxonomic,Species,NA,NA,NA,NA,NA,3/18/24,NA,757484,Animalia,Platyhelminthes,Trematoda,Plagiorchiida,Xiphidiata,Opecoelidae,Pseudopecoelus,NA,NA,Rhabditophora,Digenea,NA,Opecoeloidea,NA,Neodermata,Opecoelinae,NA,NA,NA,NA,NA,NA,NA
2137,Rhinebothrium urobatidium,NA,cestode,NA,NA,NA,plerocercoid,NA,NA,present,180,all,NA,solitary,sessile,NA,parasite,obligate generalist,NA,NA,NA,NA,NA,NA,NA,NA,Taxonomic,Species,NA,NA,NA,NA,NA,3/18/24,NA,516643,Animalia,Platyhelminthes,Cestoda,Rhinebothriidea,NA,Rhinebothriidae,Rhinebothrium,NA,NA,Rhabditophora,Eucestoda,NA,NA,NA,Neodermata,NA,NA,NA,NA,NA,NA,NA,NA
2138,Rhinebothrium urobatidium,NA,cestode,NA,NA,NA,procercoid,NA,NA,present,180,all,NA,solitary,sessile,NA,parasite,obligate generalist,NA,NA,NA,NA,NA,NA,NA,NA,Taxonomic,Species,NA,NA,NA,NA,NA,3/18/24,NA,516643,Animalia,Platyhelminthes,Cestoda,Rhinebothriidea,NA,Rhinebothriidae,Rhinebothrium,NA,NA,Rhabditophora,Eucestoda,NA,NA,NA,Neodermata,NA,NA,NA,NA,NA,NA,NA,NA
2139,Rhinebothrium urobatidium,NA,cestode,NA,NA,NA,adult,NA,NA,present,180,all,NA,solitary,sessile,NA,parasite,obligate generalist,NA,NA,NA,NA,NA,NA,NA,NA,Taxonomic,Species,NA,NA,NA,NA,NA,3/18/24,NA,516643,Animalia,Platyhelminthes,Cestoda,Rhinebothriidea,NA,Rhinebothriidae,Rhinebothrium,NA,NA,Rhabditophora,Eucestoda,NA,NA,NA,Neodermata,NA,NA,NA,NA,NA,NA,NA,NA
2273,Rhipidocotyle sp.,NA,trematode,NA,NA,NA,metacercaria,NA,NA,present,205,all,NA,solitary,sessile,NA,parasite,obligate generalist,NA,NA,NA,NA,NA,NA,NA,NA,Taxonomic,Unidentified Species,NA,NA,NA,NA,NA,3/18/24,NA,108674,Animalia,Platyhelminthes,Trematoda,Plagiorchiida,Bucephalata,Bucephalidae,Rhipidocotyle,NA,NA,Rhabditophora,Digenea,NA,Bucephaloidea,NA,Neodermata,Bucephalinae,NA,NA,NA,NA,NA,NA,NA
2272,Rhipidocotyle elongata,NA,trematode,NA,NA,NA,adult,NA,NA,present,205,all,NA,solitary,sessile,NA,parasite,obligate generalist,NA,NA,NA,NA,NA,NA,NA,NA,Taxonomic,Species,NA,NA,NA,NA,NA,3/18/24,NA,579734,Animalia,Platyhelminthes,Trematoda,Plagiorchiida,Bucephalata,Bucephalidae,Rhipidocotyle,NA,NA,Rhabditophora,Digenea,NA,Bucephaloidea,NA,Neodermata,Bucephalinae,NA,NA,NA,NA,NA,NA,NA
2159,Schikhobalotrema girellae,NA,trematode,NA,NA,NA,adult,NA,NA,present,205,all,NA,solitary,sessile,NA,parasite,obligate generalist,NA,NA,NA,NA,NA,NA,NA,NA,Taxonomic,Species,NA,NA,NA,NA,NA,3/18/24,NA,726163,Animalia,Platyhelminthes,Trematoda,Plagiorchiida,Haplosplanchnata,Haplosplanchnidae,Schikhobalotrema,NA,NA,Rhabditophora,Digenea,NA,Haplosplanchnoidea,NA,Neodermata,Schikhobalotrematinae,NA,NA,NA,NA,NA,NA,NA
2274,Scolex pleuronectis,NA,cestode,NA,NA,NA,adult,NA,NA,present,205,all,NA,solitary,sessile,NA,parasite,obligate generalist,NA,NA,NA,NA,NA,NA,NA,NA,Taxonomic,Species,NA,NA,NA,NA,NA,3/18/24,NA,105328,Animalia,Platyhelminthes,Cestoda,Tetraphyllidea,NA,Tetraphyllidea incertae sedis,Scolex,NA,NA,Rhabditophora,Eucestoda,NA,NA,NA,Neodermata,NA,NA,NA,NA,NA,NA,NA,NA
2275,Scyphidia sp.,NA,ciliate,NA,NA,NA,adult,NA,NA,present,205,all,NA,solitary,sessile,NA,parasite,obligate generalist,NA,NA,NA,NA,NA,NA,NA,NA,Taxonomic,Genus,NA,NA,NA,NA,NA,3/18/24,NA,163587,Chromista,Ciliophora,Oligohymenophorea,Sessilida,NA,Scyphidiidae,Scyphidia,Harosa,Alveolata,Intramacronucleata,Peritrichia,NA,NA,NA,NA,NA,NA,NA,NA,NA,Ventrata,NA,NA
2276,Sphaeromyxa balbianii,NA,myxozoan,NA,NA,NA,adult,NA,NA,present,205,all,NA,solitary,sessile,NA,parasite,obligate,NA,NA,NA,NA,NA,NA,NA,NA,Taxonomic,Species,NA,NA,NA,NA,NA,3/18/24,NA,120295,Animalia,Cnidaria,Myxozoa,Bivalvulida,Sphaeromyxina,Sphaeromyxidae,Sphaeromyxa,NA,NA,Endocnidozoa,NA,NA,NA,NA,NA,NA,NA,NA,NA,NA,NA,NA,NA
2106,Sphaeromyxa gibbonsia,NA,myxozoan,NA,NA,NA,adult,NA,NA,NA,"8, 205",NA,NA,solitary,sessile,NA,parasite,obligate generalist,NA,NA,NA,NA,NA,NA,NA,NA,Taxonomic,Species,NA,NA,NA,NA,NA,3/18/24,NA,870845,Animalia,Cnidaria,Myxozoa,Bivalvulida,Sphaeromyxina,Sphaeromyxidae,Sphaeromyxa,NA,NA,Endocnidozoa,NA,NA,NA,NA,NA,NA,NA,NA,NA,NA,NA,NA,NA
2277,Sphaeromyxa lateralis,NA,myxozoan,NA,NA,NA,adult,NA,NA,present,205,all,NA,solitary,sessile,NA,parasite,obligate,NA,NA,NA,NA,NA,NA,NA,NA,Taxonomic,Species,NA,NA,NA,NA,NA,3/18/24,NA,879773,Animalia,Cnidaria,Myxozoa,Bivalvulida,Sphaeromyxina,Sphaeromyxidae,Sphaeromyxa,NA,NA,Endocnidozoa,NA,NA,NA,NA,NA,NA,NA,NA,NA,NA,NA,NA,NA
2278,Steganoderma formosum,NA,trematode,NA,NA,NA,adult,NA,NA,present,205,all,NA,solitary,sessile,NA,parasite,obligate,NA,NA,NA,NA,NA,NA,NA,NA,Taxonomic,Species,NA,NA,NA,NA,NA,3/18/24,NA,159455,Animalia,Platyhelminthes,Trematoda,Plagiorchiida,Xiphidiata,Zoogonidae,Steganoderma,NA,NA,Rhabditophora,Digenea,NA,Microphalloidea,NA,Neodermata,Lecithostaphylinae,NA,NA,NA,NA,NA,NA,NA
2280,Stephanostomum sp.,NA,trematode,NA,NA,NA,adult,NA,NA,present,205,all,NA,solitary,sessile,NA,parasite,obligate,NA,NA,NA,NA,NA,NA,NA,NA,Taxonomic,Unidentified Species,NA,NA,NA,NA,NA,3/18/24,NA,108553,Animalia,Platyhelminthes,Trematoda,Plagiorchiida,Xiphidiata,Acanthocolpidae,Stephanostomum,NA,NA,Rhabditophora,Digenea,NA,Brachycladioidea,NA,Neodermata,NA,NA,NA,NA,NA,NA,NA,NA
2279,Stephanostomum californicum,NA,trematode,NA,NA,NA,adult,NA,NA,present,205,all,NA,solitary,sessile,NA,parasite,obligate,NA,NA,NA,NA,NA,NA,NA,NA,Taxonomic,Species,NA,NA,NA,NA,NA,3/18/24,NA,728240,Animalia,Platyhelminthes,Trematoda,Plagiorchiida,Xiphidiata,Acanthocolpidae,Stephanostomum,NA,NA,Rhabditophora,Digenea,NA,Brachycladioidea,NA,Neodermata,NA,NA,NA,NA,NA,NA,NA,NA
2134,Sterna elegans,NA,bird,NA,NA,NA,adult,NA,NA,present,"149, 151, 152",NA,NA,solitary,mobile,NA,typical predator,NA,NA,NA,NA,NA,NA,NA,NA,NA,Taxonomic,Species,NA,NA,NA,NA,NA,3/18/24,NA,225959,Animalia,Chordata,Aves,Charadriiformes,NA,Laridae,Sterna,NA,NA,Vertebrata,NA,NA,NA,Tetrapoda,Reptilia,NA,NA,NA,NA,NA,Gnathostomata,NA,NA
2157,Telolecithus pugetensis,NA,trematode,NA,NA,NA,adult,NA,NA,present,205,all,NA,solitary,sessile,NA,parasite,obligate generalist,NA,NA,NA,NA,NA,NA,NA,NA,Taxonomic,Species,NA,NA,NA,NA,NA,3/18/24,NA,727675,Animalia,Platyhelminthes,Trematoda,Plagiorchiida,Monorchiata,Monorchiidae,Telolecithus,NA,NA,Rhabditophora,Digenea,NA,Monorchioidea,NA,Neodermata,Monorchiinae,NA,NA,NA,NA,NA,NA,NA
2155,Trichodina sp.,NA,ciliate,NA,NA,NA,adult,NA,NA,present,205,all,NA,solitary,sessile,NA,ectoparasite,obligate generalist,NA,NA,NA,NA,NA,NA,NA,NA,Taxonomic,Genus,NA,NA,NA,NA,NA,3/18/24,NA,NA,Chromista,Ciliophora,Oligohymenophorea,Mobilida,NA,Trichodinidae,Trichodina,Harosa,Alveolata,Intramacronucleata,Peritrichia,NA,NA,NA,NA,NA,NA,NA,NA,NA,Ventrata,NA,NA
2281,Trichodina cottidarum,NA,ciliate,NA,NA,NA,adult,NA,NA,present,205,all,NA,solitary,sessile,NA,parasite,obligate,NA,NA,NA,NA,NA,NA,NA,NA,Taxonomic,Species,NA,NA,NA,NA,NA,3/18/24,NA,426781,Chromista,Ciliophora,Oligohymenophorea,Mobilida,NA,Trichodinidae,Trichodina,Harosa,Alveolata,Intramacronucleata,Peritrichia,NA,NA,NA,NA,NA,NA,NA,NA,NA,Ventrata,NA,NA
2282,Trichodina domerguei,NA,ciliate,NA,NA,NA,adult,NA,NA,present,205,all,NA,solitary,sessile,NA,parasite,obligate,NA,NA,NA,NA,NA,NA,NA,NA,Taxonomic,Species,NA,NA,NA,NA,NA,3/18/24,NA,426785,Chromista,Ciliophora,Oligohymenophorea,Mobilida,NA,Trichodinidae,Trichodina,Harosa,Alveolata,Intramacronucleata,Peritrichia,NA,NA,NA,NA,NA,NA,NA,NA,NA,Ventrata,NA,NA
2105,Trichodina jadranica,NA,ciliate,NA,NA,NA,adult,NA,NA,NA,76,NA,NA,solitary,sessile,NA,parasite,obligate generalist,NA,NA,NA,NA,NA,NA,NA,NA,Taxonomic,Species,NA,NA,NA,NA,NA,3/18/24,NA,426795,Chromista,Ciliophora,Oligohymenophorea,Mobilida,NA,Trichodinidae,Trichodina,Harosa,Alveolata,Intramacronucleata,Peritrichia,NA,NA,NA,NA,NA,NA,NA,NA,NA,Ventrata,NA,NA
2156,Trichodina lairdi,NA,ciliate,NA,NA,NA,adult,NA,NA,present,205,all,NA,solitary,sessile,NA,ectoparasite,obligate generalist,NA,NA,NA,NA,NA,NA,NA,NA,Taxonomic,Species,NA,NA,NA,NA,NA,3/18/24,NA,426799,Chromista,Ciliophora,Oligohymenophorea,Mobilida,NA,Trichodinidae,Trichodina,Harosa,Alveolata,Intramacronucleata,Peritrichia,NA,NA,NA,NA,NA,NA,NA,NA,NA,Ventrata,NA,NA
2283,Trichodina rectuncinata,NA,ciliate,NA,NA,NA,adult,NA,NA,present,205,all,NA,solitary,sessile,NA,parasite,obligate,NA,NA,NA,NA,NA,NA,NA,NA,Taxonomic,Species,NA,NA,NA,NA,NA,3/18/24,NA,426831,Chromista,Ciliophora,Oligohymenophorea,Mobilida,NA,Trichodinidae,Trichodina,Harosa,Alveolata,Intramacronucleata,Peritrichia,NA,NA,NA,NA,NA,NA,NA,NA,NA,Ventrata,NA,NA
2284,Trichodina vancouverense,NA,ciliate,NA,NA,NA,adult,NA,NA,present,205,all,NA,solitary,sessile,NA,parasite,obligate,NA,NA,NA,NA,NA,NA,NA,NA,Taxonomic,Species,NA,NA,NA,NA,NA,3/18/24,NA,426844,Chromista,Ciliophora,Oligohymenophorea,Mobilida,NA,Trichodinidae,Trichodina,Harosa,Alveolata,Intramacronucleata,Peritrichia,NA,NA,NA,NA,NA,NA,NA,NA,NA,Ventrata,NA,NA
2154,Trilospora californica,NA,myxozoan,NA,NA,NA,adult,NA,NA,present,"8, 205",all,NA,solitary,sessile,NA,parasite,obligate generalist,NA,NA,NA,NA,NA,NA,NA,NA,Taxonomic,Species,NA,NA,NA,NA,NA,3/18/24,NA,NA,Animalia,Cnidaria,Myxozoa,Multivalvulida,NA,Trilosporidae,Trilospora,NA,NA,Endocnidozoa,NA,NA,NA,NA,NA,NA,NA,NA,NA,NA,NA,NA,NA
2286,Tubulovesicula sp.,NA,trematode,NA,NA,NA,adult,NA,NA,present,147,all,NA,solitary,sessile,NA,parasite,obligate,NA,NA,NA,NA,NA,NA,NA,NA,Taxonomic,Genus,NA,NA,NA,NA,NA,3/18/24,NA,411516,Animalia,Platyhelminthes,Trematoda,Plagiorchiida,Hemiurata,Hemiuridae,Tubulovesicula,NA,NA,Rhabditophora,Digenea,NA,Hemiuroidea,NA,Neodermata,Mecoderinae,NA,NA,NA,NA,NA,NA,NA
2114,Tubulovesicula lindbergi,NA,trematode,NA,NA,NA,adult,NA,NA,present,205,all,NA,solitary,sessile,NA,parasite,obligate generalist,NA,NA,NA,NA,NA,NA,NA,NA,Taxonomic,Species,NA,NA,NA,NA,NA,3/18/24,NA,726675,Animalia,Platyhelminthes,Trematoda,Plagiorchiida,Hemiurata,Hemiuridae,Tubulovesicula,NA,NA,Rhabditophora,Digenea,NA,Hemiuroidea,NA,Neodermata,Mecoderinae,NA,NA,NA,NA,NA,NA,NA
2287,Urinatrema hispidum,Urinatrema aspinosum,trematode,NA,NA,NA,adult,NA,NA,present,205,all,NA,solitary,sessile,NA,parasite,obligate,NA,NA,NA,NA,NA,NA,NA,NA,Taxonomic,Species,NA,NA,NA,NA,NA,3/18/24,NA,768055,Animalia,Platyhelminthes,Trematoda,Plagiorchiida,Xiphidiata,Zoogonidae,Urinatrema,NA,NA,Rhabditophora,Digenea,NA,Microphalloidea,NA,Neodermata,Lepidophyllinae,NA,NA,NA,NA,NA,NA,NA
2288,Urinatrema hirudinacea,NA,trematode,NA,NA,NA,adult,NA,NA,present,205,all,NA,solitary,sessile,NA,parasite,obligate,NA,NA,NA,NA,NA,NA,NA,NA,Taxonomic,Species,NA,NA,NA,NA,NA,3/18/24,NA,768056,Animalia,Platyhelminthes,Trematoda,Plagiorchiida,Xiphidiata,Zoogonidae,Urinatrema,NA,NA,Rhabditophora,Digenea,NA,Microphalloidea,NA,Neodermata,Lepidophyllinae,NA,NA,NA,NA,NA,NA,NA
2289,Vitellibaculum girellae,NA,trematode,NA,NA,NA,adult,NA,NA,present,205,all,NA,solitary,sessile,NA,parasite,obligate,NA,NA,NA,NA,NA,NA,NA,NA,Taxonomic,Species,NA,NA,NA,NA,NA,3/18/24,NA,765608,Animalia,Platyhelminthes,Trematoda,Plagiorchiida,Haploporata,Haploporidae,Vitellibaculum,NA,NA,Rhabditophora,Digenea,NA,Haploporoidea,NA,Neodermata,Megasoleninae,NA,NA,NA,NA,NA,NA,NA
2290,Vitellibaculum girellicola,NA,trematode,NA,NA,NA,adult,NA,NA,present,205,all,NA,solitary,sessile,NA,parasite,obligate,NA,NA,NA,NA,NA,NA,NA,NA,Taxonomic,Species,NA,NA,NA,NA,NA,3/18/24,NA,765609,Animalia,Platyhelminthes,Trematoda,Plagiorchiida,Haploporata,Haploporidae,Vitellibaculum,NA,NA,Rhabditophora,Digenea,NA,Haploporoidea,NA,Neodermata,Megasoleninae,NA,NA,NA,NA,NA,NA,NA
2183,Zoogonoides viviparus,NA,trematode,NA,NA,NA,adult,NA,NA,present,205,all,NA,solitary,sessile,NA,parasite,obligate generalist,NA,NA,NA,NA,NA,NA,NA,NA,Taxonomic,Species,NA,NA,NA,NA,NA,3/18/24,NA,109147,Animalia,Platyhelminthes,Trematoda,Plagiorchiida,Xiphidiata,Zoogonidae,Zoogonoides,NA,NA,Rhabditophora,Digenea,NA,Microphalloidea,NA,Neodermata,Zoogoninae,NA,NA,NA,NA,NA,NA,NA
2153,Zschokkella sp.,NA,myxozoan,NA,NA,NA,adult,NA,NA,present,205,all,NA,solitary,sessile,NA,parasite,obligate generalist,NA,NA,NA,NA,NA,NA,NA,NA,Taxonomic,Genus,NA,NA,NA,NA,NA,3/18/24,NA,120267,Animalia,Cnidaria,Myxozoa,Bivalvulida,Variisporina,Myxidiidae,Zschokkella,NA,NA,Endocnidozoa,NA,NA,NA,NA,NA,NA,NA,NA,NA,NA,NA,NA,NA
2182,Zschokkella embiotocidis,NA,myxozoan,NA,NA,NA,adult,NA,NA,present,205,all,NA,solitary,sessile,NA,parasite,obligate generalist,NA,NA,NA,NA,NA,NA,NA,NA,Taxonomic,Species,NA,NA,NA,NA,NA,3/18/24,NA,1738657,Animalia,Cnidaria,Myxozoa,Bivalvulida,Variisporina,Myxidiidae,Zschokkella,NA,NA,Endocnidozoa,NA,NA,NA,NA,NA,NA,NA,NA,NA,NA,NA,NA,NA