fix,id.x,species,alternate_nomenclature,category,common_name,functional_role,range,life_stage,body_size_mm,n_s_both,commonality,source,zone,habitat_notes,solitary_aggregating_colonial,mobile_or_sessile,preys_on,trophic_strategy,how_picky,eaten_by,non_trophic_epicommensal_w,mutualist_w,parasitized_by,unknown_symbiosis,parasitic_on,how_picky_symbiotically,notes,node_type,node_resolution,web_enter_code,enter_code_2,googled,justification,confidence,x41,clean_zone,id.y,kingdom,phylum,class,subclass,infraclass,subterclass,superorder,superfamily,family,genus,subphylum,order,subfamily,superclass,suborder,infraorder,parvorder,subkingdom,infrakingdom,tribe,subgenus,infraphylum,parvphylum,gigaclass,megaclass,phylum_division,subphylum_subdivision,subtribe,section,subsection,subspecies,epifamily
as is,90,Abietinaria sp.,NA,hydroid,NA,NA,NA,adult,NA,Both,common,"Morris, Abbott, & Haderlie; Light & Smith",low,little known,colonial,sessile,NA,filter feeder,generalist,Doto sp.,NA,NA,NA,NA,NA,NA,NA,Taxonomic,Genus,3,fix,NA,NA,NA,NA,NA,NA,NA,NA,NA,NA,NA,NA,NA,NA,NA,NA,NA,NA,NA,NA,NA,NA,NA,NA,NA,NA,NA,NA,NA,NA,NA,NA,NA,NA,NA,NA,NA,NA
as is,981,Alcyonium sp.,"Gersemia rubiformis""",octocoral,sea strawberry,NA,"Alaska to Sonoma County, CA",adult,NA,N,present,Light & Smith,low,NA,colonial,sessile,NA,filter feeder,generalist,Tritonia festiva,NA,NA,NA,NA,NA,NA,NA,Taxonomic,Species,NA,NA,NA,NA,NA,23:43.9,NA,NA,NA,NA,NA,NA,NA,NA,NA,NA,NA,NA,NA,NA,NA,NA,NA,NA,NA,NA,NA,NA,NA,NA,NA,NA,NA,NA,NA,NA,NA,NA,NA,NA
as is,985,Alpheus sp.,NA,shrimp,snapping shrimp,NA,Eastern Pacific,adult,NA,Both,present,Light & Smith,very low,"in sponges, kelp holdfasts, old pholad bore holes.",solitary,mobile,NA,NA,NA,NA,NA,NA,NA,NA,NA,NA,NA,Taxonomic,Genus,NA,NA,NA,NA,NA,23:43.9,NA,NA,NA,NA,NA,NA,NA,NA,NA,NA,NA,NA,NA,NA,NA,NA,NA,NA,NA,NA,NA,NA,NA,NA,NA,NA,NA,NA,NA,NA,NA,NA,NA,NA
as is,1099,Alteuthella sp.,NA,copepod,NA,zooplankton,"Piedras Blancas, CA",adult,NA,N,present,Light & Smith,all,on macroalgae and eelgrass blades,aggregating,mobile,NA,filter feeder,generalist,NA,NA,NA,NA,NA,NA,NA,NA,Taxonomic,Genus,NA,NA,NA,NA,NA,NA,NA,NA,NA,NA,NA,NA,NA,NA,NA,NA,NA,NA,NA,NA,NA,NA,NA,NA,NA,NA,NA,NA,NA,NA,NA,NA,NA,NA,NA,NA,NA,NA,NA,NA
as is,1458,Ameronothroiid mites,NA,mite,NA,NA,NA,adult,0.18-2,NA,present,Light & Smith,all,"aquatic or semiaquatic; on the seashore, they are mostly herbivorous and may be found in large numbers, generally restricted to the upper intertidal.",solitary,mobile,NA,grazer,generalist,NA,NA,NA,NA,NA,NA,NA,NA,Taxonomic,Family,NA,NA,NA,NA,NA,NA,NA,NA,NA,NA,NA,NA,NA,NA,NA,NA,NA,NA,NA,NA,NA,NA,NA,NA,NA,NA,NA,NA,NA,NA,NA,NA,NA,NA,NA,NA,NA,NA,NA,NA
as is,1646,Aphelochaeta spp.,NA,polychaete,NA,NA,NA,adult,NA,Both,unclear,Light & Smith,all,NA,solitary,mobile,NA,deposit feeder,generalist,NA,NA,NA,NA,NA,NA,NA,NA,Taxonomic,Species,NA,NA,NA,NA,NA,NA,NA,NA,NA,NA,NA,NA,NA,NA,NA,NA,NA,NA,NA,NA,NA,NA,NA,NA,NA,NA,NA,NA,NA,NA,NA,NA,NA,NA,NA,NA,NA,NA,NA,NA
as is,756,Bacteria,NA,microorganism,NA,NA,NA,NA,NA,Both,NA,NA,NA,NA,NA,mobile,NA,various (assemblage),NA,NA,NA,NA,NA,NA,NA,NA,NA,Common Name,Assemblage,NA,NA,NA,NA,NA,NA,NA,NA,NA,NA,NA,NA,NA,NA,NA,NA,NA,NA,NA,NA,NA,NA,NA,NA,NA,NA,NA,NA,NA,NA,NA,NA,NA,NA,NA,NA,NA,NA,NA,NA
as is,442,Bispira sp.,Sabella crassicornis,polychaete,plume worm,NA,NA,adult,NA,Both,present,"Morris, Abbott, & Haderlie; Light & Smith",low,"membranous, sand encrusted tube extending from crevices; Rocky and mixed bottoms; tube membranous covered with muddy sand and debris",solitary,sessile,"""diatoms, algal spores. Protozoans, fine detritus""",filter feeder,generalist,"""fishes""",NA,NA,NA,NA,NA,NA,fish are maybe micropredators on worms because they can regenerate somewhat,Taxonomic,Species,NA,NA,NA,NA,NA,NA,NA,NA,NA,NA,NA,NA,NA,NA,NA,NA,NA,NA,NA,NA,NA,NA,NA,NA,NA,NA,NA,NA,NA,NA,NA,NA,NA,NA,NA,NA,NA,NA,NA,NA
as is,718,Botryllophilus sp.,NA,copepod,NA,NA,NA,adult,NA,NA,NA,NA,NA,NA,NA,mobile,NA,parasite,NA,NA,NA,NA,NA,on many species of tunicates,NA,NA,NA,Taxonomic,Genus,4,NA,NA,NA,NA,NA,NA,NA,NA,NA,NA,NA,NA,NA,NA,NA,NA,NA,NA,NA,NA,NA,NA,NA,NA,NA,NA,NA,NA,NA,NA,NA,NA,NA,NA,NA,NA,NA,NA,NA
as is,1469,Canace sp.,NA,insect,shore fly,NA,NA,adult,NA,Both,present,Light & Smith,all,tide-covered rocks that are clothed with Ulva,solitary,mobile,NA,unknown,generalist,NA,NA,NA,NA,NA,NA,NA,NA,Taxonomic,Species,NA,NA,NA,NA,NA,NA,NA,NA,NA,NA,NA,NA,NA,NA,NA,NA,NA,NA,NA,NA,NA,NA,NA,NA,NA,NA,NA,NA,NA,NA,NA,NA,NA,NA,NA,NA,NA,NA,NA,NA
as is,506,Caprella sp.,NA,amphipod,caprellid,NA,NA,adult,NA,NA,NA,NA,NA,NA,aggregating,mobile,NA,NA,NA,NA,NA,NA,NA,NA,NA,NA,NA,Taxonomic,Species,NA,NA,NA,NA,NA,NA,NA,NA,NA,NA,NA,NA,NA,NA,NA,NA,NA,NA,NA,NA,NA,NA,NA,NA,NA,NA,NA,NA,NA,NA,NA,NA,NA,NA,NA,NA,NA,NA,NA,NA
as is,738,Caprella sp.,NA,amphipod,caprellids,NA,NA,adult,NA,Both,NA,NA,NA,NA,aggregating,mobile,NA,NA,NA,NA,NA,NA,NA,NA,NA,NA,NA,Taxonomic,Genus,NA,NA,NA,NA,NA,NA,NA,NA,NA,NA,NA,NA,NA,NA,NA,NA,NA,NA,NA,NA,NA,NA,NA,NA,NA,NA,NA,NA,NA,NA,NA,NA,NA,NA,NA,NA,NA,NA,NA,NA
as is,750,Carrion,NA,dead stuff,NA,NA,NA,NA,NA,Both,NA,NA,NA,NA,NA,sessile,NA,non-feeding,NA,NA,NA,NA,NA,NA,NA,NA,NA,Common Name,Assemblage,NA,NA,NA,NA,NA,NA,NA,NA,NA,NA,NA,NA,NA,NA,NA,NA,NA,NA,NA,NA,NA,NA,NA,NA,NA,NA,NA,NA,NA,NA,NA,NA,NA,NA,NA,NA,NA,NA,NA,NA
as is,623,Celleporella sp.,Hippothoa hyalina,bryozoan,NA,NA,NA,adult,NA,both,common,NA,NA,NA,colonial,sessile,NA,NA,NA,NA,NA,NA,NA,NA,NA,NA,NA,Taxonomic,Genus,NA,NA,NA,NA,NA,NA,NA,NA,NA,NA,NA,NA,NA,NA,NA,NA,NA,NA,NA,NA,NA,NA,NA,NA,NA,NA,NA,NA,NA,NA,NA,NA,NA,NA,NA,NA,NA,NA,NA,NA
as is,1306,Cerapus spp.,NA,gammarid,NA,NA,Eastern Pacific,adult,3.2,NA,present,Light & Smith,all,"build thick, pliable, striped, cylindrical tubes open at both ends on hard surfaces",solitary,mobile,NA,unknown,generalist,NA,NA,NA,NA,NA,NA,NA,tube building,Taxonomic,Species,NA,NA,NA,NA,NA,NA,NA,NA,NA,NA,NA,NA,NA,NA,NA,NA,NA,NA,NA,NA,NA,NA,NA,NA,NA,NA,NA,NA,NA,NA,NA,NA,NA,NA,NA,NA,NA,NA,NA,NA
as is,678,cestode_1,probably a cyclophyllidean,cestode,NA,NA,NA,cysticercoid,NA,NA,present,PO,NA,NA,solitary,sessile,NA,parasite,obligate,NA,NA,NA,NA,NA,NA,NA,NA,Common Name,Morphospecies,NA,NA,NA,NA,NA,NA,NA,NA,NA,NA,NA,NA,NA,NA,NA,NA,NA,NA,NA,NA,NA,NA,NA,NA,NA,NA,NA,NA,NA,NA,NA,NA,NA,NA,NA,NA,NA,NA,NA,NA
as is,679,cestode_2,probably a cyclophyllidean,cestode,NA,NA,NA,cysticercoid,NA,NA,present,PO,NA,NA,solitary,sessile,NA,parasite,obligate,NA,NA,NA,NA,NA,NA,NA,NA,Common Name,Morphospecies,NA,NA,NA,NA,NA,NA,NA,NA,NA,NA,NA,NA,NA,NA,NA,NA,NA,NA,NA,NA,NA,NA,NA,NA,NA,NA,NA,NA,NA,NA,NA,NA,NA,NA,NA,NA,NA,NA,NA,NA
as is,1467,Chironomids,NA,insect,midge,NA,NA,adult,NA,Both,present,Light & Smith,all,NA,solitary,mobile,NA,unknown,generalist,NA,NA,NA,NA,NA,NA,NA,NA,Taxonomic,Family,NA,NA,NA,NA,NA,NA,NA,NA,NA,NA,NA,NA,NA,NA,NA,NA,NA,NA,NA,NA,NA,NA,NA,NA,NA,NA,NA,NA,NA,NA,NA,NA,NA,NA,NA,NA,NA,NA,NA,NA
as is,1468,Chironomids,NA,insect,midge,NA,NA,larvae,NA,Both,abundant,Light & Smith,all,feeding in algal mats of species of Ulva,solitary,mobile,Ulva sp.,grazer,generalist,NA,NA,NA,NA,NA,NA,NA,NA,Taxonomic,Life Stage,NA,NA,NA,NA,NA,NA,NA,NA,NA,NA,NA,NA,NA,NA,NA,NA,NA,NA,NA,NA,NA,NA,NA,NA,NA,NA,NA,NA,NA,NA,NA,NA,NA,NA,NA,NA,NA,NA,NA,NA
as is,677,ciliate_1,NA,ciliate,NA,NA,NA,NA,NA,NA,NA,PO,NA,NA,aggregating,mobile,NA,NA,NA,NA,NA,NA,NA,NA,NA,NA,NA,Common Name,Morphospecies,NA,NA,NA,NA,NA,NA,NA,NA,NA,NA,NA,NA,NA,NA,NA,NA,NA,NA,NA,NA,NA,NA,NA,NA,NA,NA,NA,NA,NA,NA,NA,NA,NA,NA,NA,NA,NA,NA,NA,NA
as is,757,Ciliates,NA,microorganism,NA,NA,NA,NA,NA,Both,NA,NA,NA,NA,NA,mobile,NA,various (assemblage),NA,NA,NA,NA,NA,NA,NA,NA,NA,Common Name,Assemblage,NA,NA,NA,NA,NA,NA,NA,NA,NA,NA,NA,NA,NA,NA,NA,NA,NA,NA,NA,NA,NA,NA,NA,NA,NA,NA,NA,NA,NA,NA,NA,NA,NA,NA,NA,NA,NA,NA,NA,NA
as is,59,Clathrina sp.,NA,sponge,NA,NA,NA,adult,NA,Central,fairly common,Light & Smith,very low,NA,NA,sessile,NA,filter feeder,generalist,NA,NA,NA,NA,NA,NA,NA,NA,Taxonomic,Unidentified Species,NA,NA,NA,NA,NA,NA,NA,NA,NA,NA,NA,NA,NA,NA,NA,NA,NA,NA,NA,NA,NA,NA,NA,NA,NA,NA,NA,NA,NA,NA,NA,NA,NA,NA,NA,NA,NA,NA,NA,NA
as is,96,Clavularia sp.,NA,octocoral,NA,NA,NA,adult,NA,Both,NA,"Morris, Abbott, & Haderlie",low,NA,colonial,sessile,NA,filter feeder,NA,NA,NA,NA,NA,NA,NA,NA,NA,Taxonomic,Genus,NA,NA,NA,NA,NA,NA,NA,NA,NA,NA,NA,NA,NA,NA,NA,NA,NA,NA,NA,NA,NA,NA,NA,NA,NA,NA,NA,NA,NA,NA,NA,NA,NA,NA,NA,NA,NA,NA,NA,NA
as is,2085,Clinocottus spp.,NA,fish,NA,NA,NA,adult,NA,N,present,MARINe Rocky Intertidal Ecosystems California North Coast MPA Baseline Study,NA,NA,NA,NA,NA,NA,NA,NA,NA,NA,NA,NA,NA,NA,NA,Taxonomic,Species,NA,NA,not in LM,NA,NA,NA,NA,NA,NA,NA,NA,NA,NA,NA,NA,NA,NA,NA,NA,NA,NA,NA,NA,NA,NA,NA,NA,NA,NA,NA,NA,NA,NA,NA,NA,NA,NA,NA,NA,NA
as is,1462,Collembola,NA,insect,springtail,NA,NA,adult,NA,Both,present,Light & Smith,high,"interstitial, still tide pools",solitary,mobile,NA,detritivore,generalist,NA,NA,NA,NA,NA,NA,NA,NA,Taxonomic,Order,NA,NA,NA,NA,NA,NA,NA,NA,NA,NA,NA,NA,NA,NA,NA,NA,NA,NA,NA,NA,NA,NA,NA,NA,NA,NA,NA,NA,NA,NA,NA,NA,NA,NA,NA,NA,NA,NA,NA,NA
as is,700,copepod_1,NA,copepod,NA,NA,NA,adult,NA,NA,NA,PO,NA,NA,solitary,sessile,NA,NA,NA,NA,NA,NA,NA,NA,NA,NA,NA,Common Name,Morphospecies,NA,NA,NA,NA,NA,NA,NA,NA,NA,NA,NA,NA,NA,NA,NA,NA,NA,NA,NA,NA,NA,NA,NA,NA,NA,NA,NA,NA,NA,NA,NA,NA,NA,NA,NA,NA,NA,NA,NA,NA
as is,925,Coryne sp.,NA,hydroid,NA,NA,not reported,hydroid colony,NA,Both,NA,Light & Smith,all,NA,colonial,sessile,NA,filter feeder,generalist,NA,NA,NA,NA,NA,NA,NA,"represent many unidentified species ""in our area""",Taxonomic,Genus,NA,NA,no,NA,NA,23:43.9,NA,NA,NA,NA,NA,NA,NA,NA,NA,NA,NA,NA,NA,NA,NA,NA,NA,NA,NA,NA,NA,NA,NA,NA,NA,NA,NA,NA,NA,NA,NA,NA,NA,NA
as is,926,Coryne sp.,NA,plankton,NA,NA,not reported,medusa,NA,Both,NA,Light & Smith,all,NA,solitary,mobile,NA,filter feeder,generalist,NA,NA,NA,NA,NA,NA,NA,"represent many unidentified species ""in our area""",Taxonomic,Genus,NA,NA,no,NA,NA,23:43.9,NA,NA,NA,NA,NA,NA,NA,NA,NA,NA,NA,NA,NA,NA,NA,NA,NA,NA,NA,NA,NA,NA,NA,NA,NA,NA,NA,NA,NA,NA,NA,NA,NA,NA
as is,1934,Cumanotus sp.,NA,nudibranch,NA,NA,Oregon to southern California,adult,NA,Both,present,Light & Smith,all,"found on the hydroid Pinauay crocea on which it feeds and whose polyps it resembles,",solitary,mobile,NA,micropredator,generalist,NA,NA,NA,NA,NA,NA,NA,NA,Taxonomic,Species,NA,NA,NA,NA,NA,NA,NA,NA,NA,NA,NA,NA,NA,NA,NA,NA,NA,NA,NA,NA,NA,NA,NA,NA,NA,NA,NA,NA,NA,NA,NA,NA,NA,NA,NA,NA,NA,NA,NA,NA
as is,1935,Cumanotus sp.,NA,nudibranch,NA,NA,Oregon to southern California,eggs,NA,Both,present,Light & Smith,all,found on the hydroid Pinauay crocea,solitary,mobile,NA,non-feeding life stage,generalist,NA,NA,NA,NA,NA,NA,NA,NA,Taxonomic,Life Stage,NA,NA,NA,NA,NA,NA,NA,NA,NA,NA,NA,NA,NA,NA,NA,NA,NA,NA,NA,NA,NA,NA,NA,NA,NA,NA,NA,NA,NA,NA,NA,NA,NA,NA,NA,NA,NA,NA,NA,NA
as is,1025,Cythere sp.,NA,ostracod,NA,zooplankton,"Point Piedras Blancas, CA to Baja California",adult,NA,Both,present,Light & Smith,all,tide pool,aggregating,mobile,NA,filter feeder,generalist,NA,NA,NA,NA,NA,NA,NA,NA,Taxonomic,Species,NA,NA,NA,NA,NA,NA,NA,NA,NA,NA,NA,NA,NA,NA,NA,NA,NA,NA,NA,NA,NA,NA,NA,NA,NA,NA,NA,NA,NA,NA,NA,NA,NA,NA,NA,NA,NA,NA,NA,NA
as is,1105,Dactylopodella sp.,NA,copepod,NA,zooplankton,Puget Sound to California,adult,NA,Both,present,Light & Smith,all,NA,aggregating,mobile,NA,filter feeder,generalist,NA,NA,NA,NA,NA,NA,NA,NA,Taxonomic,Genus,NA,NA,NA,NA,NA,NA,NA,NA,NA,NA,NA,NA,NA,NA,NA,NA,NA,NA,NA,NA,NA,NA,NA,NA,NA,NA,NA,NA,NA,NA,NA,NA,NA,NA,NA,NA,NA,NA,NA,NA
as is,749,Detritus,NA,dead stuff,NA,NA,NA,NA,NA,Both,NA,NA,NA,NA,NA,sessile,NA,non-feeding,NA,NA,NA,NA,NA,NA,NA,NA,NA,Common Name,Assemblage,NA,NA,NA,NA,NA,NA,NA,NA,NA,NA,NA,NA,NA,NA,NA,NA,NA,NA,NA,NA,NA,NA,NA,NA,NA,NA,NA,NA,NA,NA,NA,NA,NA,NA,NA,NA,NA,NA,NA,NA
as is,1744,Dicyemennea sp.,NA,rhombozoan,NA,NA,host range,adult,NA,S,unclear,Light & Smith,all,Octopus microprysus kidney,colonial,mobile,NA,parasite,specialist,NA,NA,NA,NA,NA,Octopus microprysus,NA,NA,Taxonomic,Species,NA,NA,NA,NA,NA,NA,NA,NA,NA,NA,NA,NA,NA,NA,NA,NA,NA,NA,NA,NA,NA,NA,NA,NA,NA,NA,NA,NA,NA,NA,NA,NA,NA,NA,NA,NA,NA,NA,NA,NA
as is,791,Disporella sp.,Lichenopora sp.,bryozoan,NA,NA,NA,adult,2 - 200,Both,present,Light & Smith,all,"on algal blades, hydroids, shell, stone; intertidal to 200 m",colonial,sessile,NA,filter feeder,generalist,NA,NA,NA,NA,NA,NA,NA,NA,Taxonomic,Genus,NA,NA,NA,NA,NA,NA,NA,NA,NA,NA,NA,NA,NA,NA,NA,NA,NA,NA,NA,NA,NA,NA,NA,NA,NA,NA,NA,NA,NA,NA,NA,NA,NA,NA,NA,NA,NA,NA,NA,NA
as is,713,Enteromorpha sp.,NA,algae,NA,NA,NA,adult,NA,NA,NA,"Morris, Abbott, and Haderlie",NA,NA,aggregating,sessile,NA,primary producer,NA,NA,NA,NA,NA,NA,NA,NA,NA,Taxonomic,Species,NA,NA,NA,NA,NA,NA,NA,NA,NA,NA,NA,NA,NA,NA,NA,NA,NA,NA,NA,NA,NA,NA,NA,NA,NA,NA,NA,NA,NA,NA,NA,NA,NA,NA,NA,NA,NA,NA,NA,NA
as is,602,epiphytic diatoms,"""diatom scuz"" per Armand",algae,NA,NA,NA,NA,NA,NA,NA,NA,NA,NA,NA,sessile,NA,detritivore,NA,NA,NA,NA,NA,NA,NA,NA,NA,Taxonomic,Species,NA,NA,NA,NA,NA,NA,NA,NA,NA,NA,NA,NA,NA,NA,NA,NA,NA,NA,NA,NA,NA,NA,NA,NA,NA,NA,NA,NA,NA,NA,NA,NA,NA,NA,NA,NA,NA,NA,NA,NA
as is,2064,Eurylepta sp.,NA,turbellarian,NA,NA,"Pacific Grove, CA",adult,NA,N,locally present,Light & Smith,low,from surfaces of seaweed; low intertidal,solitary,mobile,NA,unknown,generalist,NA,NA,NA,NA,NA,NA,NA,single record?,Taxonomic,Species,NA,NA,NA,NA,NA,NA,NA,NA,NA,NA,NA,NA,NA,NA,NA,NA,NA,NA,NA,NA,NA,NA,NA,NA,NA,NA,NA,NA,NA,NA,NA,NA,NA,NA,NA,NA,NA,NA,NA,NA
as is,642,fish eggs,NA,gametes,varies,NA,NA,egg,NA,Both,present,NA,all,all,aggregating,sessile,NA,non-feeding,NA,NA,NA,NA,NA,NA,NA,NA,NA,Common Name,Assemblage,NA,NA,NA,NA,NA,NA,NA,NA,NA,NA,NA,NA,NA,NA,NA,NA,NA,NA,NA,NA,NA,NA,NA,NA,NA,NA,NA,NA,NA,NA,NA,NA,NA,NA,NA,NA,NA,NA,NA,NA
as is,769,free living nematodes,NA,microorganism,NA,NA,NA,NA,NA,Both,NA,NA,NA,NA,NA,mobile,NA,various (assemblage),NA,NA,NA,NA,NA,NA,NA,NA,NA,Common Name,Assemblage,NA,NA,NA,NA,NA,NA,NA,NA,NA,NA,NA,NA,NA,NA,NA,NA,NA,NA,NA,NA,NA,NA,NA,NA,NA,NA,NA,NA,NA,NA,NA,NA,NA,NA,NA,NA,NA,NA,NA,NA
as is,655,Gelidium sp.,NA,algae,NA,NA,NA,adult,NA,NA,NA,NA,NA,NA,aggregating,sessile,NA,primary producer,NA,Nuttallina californica,NA,NA,NA,NA,NA,NA,NA,Taxonomic,Genus,NA,NA,NA,NA,NA,NA,NA,NA,NA,NA,NA,NA,NA,NA,NA,NA,NA,NA,NA,NA,NA,NA,NA,NA,NA,NA,NA,NA,NA,NA,NA,NA,NA,NA,NA,NA,NA,NA,NA,NA
as is,946,Halecium sp.,NA,hydroid,NA,NA,NA,hydroid colony,NA,Both,present,Light & Smith,all,NA,colonial,sessile,NA,filter feeder,generalist,Doto sp.,NA,NA,NA,NA,NA,NA,NA,Taxonomic,Species,NA,NA,kind of,NA,NA,NA,NA,NA,NA,NA,NA,NA,NA,NA,NA,NA,NA,NA,NA,NA,NA,NA,NA,NA,NA,NA,NA,NA,NA,NA,NA,NA,NA,NA,NA,NA,NA,NA,NA,NA
as is,947,Halecium sp.,NA,plankton,NA,NA,NA,medusa,NA,Both,present,Light & Smith,all,NA,solitary,mobile,surface zooplankton,filter feeder,generalist,NA,NA,NA,NA,NA,NA,NA,NA,Taxonomic,Species,NA,NA,no from here on bc i got tired,NA,NA,NA,NA,NA,NA,NA,NA,NA,NA,NA,NA,NA,NA,NA,NA,NA,NA,NA,NA,NA,NA,NA,NA,NA,NA,NA,NA,NA,NA,NA,NA,NA,NA,NA,NA,NA
as is,70,Haliclona sp.,Prianos sp.,sponge,NA,NA,NA,adult,NA,Both,abundant,"Morris, Abbott, & Haderlie",NA,NA,colonial,sessile,NA,filter feeder,generalist,Diaulula sandiegensis,NA,NA,NA,NA,NA,NA,NA,Taxonomic,Genus,3,fix,NA,NA,NA,NA,NA,NA,NA,NA,NA,NA,NA,NA,NA,NA,NA,NA,NA,NA,NA,NA,NA,NA,NA,NA,NA,NA,NA,NA,NA,NA,NA,NA,NA,NA,NA,NA,NA,NA
as is,968,Haliclystus sp.,NA,cnidarian,NA,NA,British Columbia to California,adult,NA,Both,rare,Light & Smith,low,NA,solitary,sessile,NA,filter feeder,generalist,NA,NA,NA,NA,NA,NA,NA,NA,Taxonomic,Species,NA,NA,NA,NA,NA,NA,NA,NA,NA,NA,NA,NA,NA,NA,NA,NA,NA,NA,NA,NA,NA,NA,NA,NA,NA,NA,NA,NA,NA,NA,NA,NA,NA,NA,NA,NA,NA,NA,NA,NA
as is,58,Halisarca sp.,NA,sponge,NA,NA,NA,adult,NA,Central,uncommon,Light & Smith,middle to low,NA,NA,sessile,NA,filter feeder,generalist,NA,NA,NA,NA,NA,NA,NA,NA,Taxonomic,Unidentified Species,NA,NA,NA,NA,NA,NA,middle,NA,NA,NA,NA,NA,NA,NA,NA,NA,NA,NA,NA,NA,NA,NA,NA,NA,NA,NA,NA,NA,NA,NA,NA,NA,NA,NA,NA,NA,NA,NA,NA,NA
as is,71,Higginsia sp.,NA,sponge,NA,NA,NA,adult,NA,N,NA,"Morris, Abbott, & Haderlie",NA,NA,colonial,sessile,NA,filter feeder,generalist,Cadlina luteomarginata,NA,NA,NA,NA,NA,NA,NA,Taxonomic,Genus,3,fix,NA,NA,NA,NA,NA,NA,NA,NA,NA,NA,NA,NA,NA,NA,NA,NA,NA,NA,NA,NA,NA,NA,NA,NA,NA,NA,NA,NA,NA,NA,NA,NA,NA,NA,NA,NA,NA,NA
as is,653,Hildenbrandia sp.,NA,algae,NA,NA,NA,adult,NA,NA,NA,NA,NA,NA,aggregating,sessile,NA,primary producer,NA,Cyanoplax hartwegii,NA,NA,NA,NA,NA,NA,NA,Taxonomic,Genus,NA,NA,NA,NA,NA,NA,NA,NA,NA,NA,NA,NA,NA,NA,NA,NA,NA,NA,NA,NA,NA,NA,NA,NA,NA,NA,NA,NA,NA,NA,NA,NA,NA,NA,NA,NA,NA,NA,NA,NA
as is,770,Holoplankton (planktonic larvae),NA,zooplankton,NA,NA,NA,NA,NA,Both,NA,NA,NA,NA,NA,mobile,NA,various (assemblage),NA,NA,NA,NA,NA,NA,NA,NA,NA,Common Name,Assemblage,NA,NA,NA,NA,NA,NA,NA,NA,NA,NA,NA,NA,NA,NA,NA,NA,NA,NA,NA,NA,NA,NA,NA,NA,NA,NA,NA,NA,NA,NA,NA,NA,NA,NA,NA,NA,NA,NA,NA,NA
as is,1457,Hyadesiid mites,NA,mite,NA,NA,NA,adult,0.18-2,NA,abundant,Light & Smith,all,among green alga in tide pools,solitary,mobile,NA,typical predator,generalist,NA,NA,NA,NA,NA,NA,NA,NA,Taxonomic,Family,NA,NA,NA,NA,NA,NA,NA,NA,NA,NA,NA,NA,NA,NA,NA,NA,NA,NA,NA,NA,NA,NA,NA,NA,NA,NA,NA,NA,NA,NA,NA,NA,NA,NA,NA,NA,NA,NA,NA,NA
as is,1460,Isobactrus spp.,NA,mite,NA,NA,NA,adult,0.18-2,NA,unclear,Light & Smith,all,usually confined to brackish tide pools or estuaries,solitary,mobile,NA,typical predator,generalist,NA,NA,NA,NA,NA,NA,NA,NA,Taxonomic,Species,NA,NA,NA,NA,NA,NA,NA,NA,NA,NA,NA,NA,NA,NA,NA,NA,NA,NA,NA,NA,NA,NA,NA,NA,NA,NA,NA,NA,NA,NA,NA,NA,NA,NA,NA,NA,NA,NA,NA,NA
as is,624,Laminaria sp.,NA,algae,NA,NA,NA,adult,NA,both,common,NA,NA,NA,aggregating,sessile,NA,primary producer,NA,NA,NA,NA,NA,NA,NA,NA,NA,Taxonomic,Species,NA,NA,NA,NA,NA,NA,NA,NA,NA,NA,NA,NA,NA,NA,NA,NA,NA,NA,NA,NA,NA,NA,NA,NA,NA,NA,NA,NA,NA,NA,NA,NA,NA,NA,NA,NA,NA,NA,NA,NA
as is,1076,Laophonte sp.,NA,copepod,NA,zooplankton,NA,adult,NA,NA,present,Light & Smith,all,in tide pools near macroalgae (Watkins 1983) and also in epiphytes and microalgae in Puget Sound.,aggregating,mobile,NA,filter feeder,generalist,NA,NA,NA,NA,NA,NA,NA,NA,Taxonomic,Species,NA,NA,NA,NA,NA,NA,NA,NA,NA,NA,NA,NA,NA,NA,NA,NA,NA,NA,NA,NA,NA,NA,NA,NA,NA,NA,NA,NA,NA,NA,NA,NA,NA,NA,NA,NA,NA,NA,NA,NA
as is,748,Leptochelia sp.,NA,tanaid,NA,NA,NA,adult,NA,NA,present,OIMB; Light & Smith,all,more common in soft substrate - tube builders,solitary,mobile,"Detritus and associated microorganisms, often scraped from the surface of larger organisms (Kozloff 1993)",detritivore,NA,"juvenile Leptocottus armatus (Staghorn Sculpin) (Tamales Bay, California, Mendoza 1982)",NA,NA,NA,NA,NA,NA,NA,Taxonomic,Unidentified Species,NA,NA,NA,NA,NA,NA,NA,NA,NA,NA,NA,NA,NA,NA,NA,NA,NA,NA,NA,NA,NA,NA,NA,NA,NA,NA,NA,NA,NA,NA,NA,NA,NA,NA,NA,NA,NA,NA,NA,NA
as is,211,Lottia sp.,NA,true limpet,undescribed species,NA,NA,adult,NA,N,NA,Light & Smith,low,"on shells of Haliotis rufescens, Haliotis kamtschatkana",solitary,mobile,NA,grazer,NA,NA,NA,NA,NA,NA,NA,NA,NA,Taxonomic,Unidentified Species,2,fix,NA,NA,NA,NA,NA,NA,NA,NA,NA,NA,NA,NA,NA,NA,NA,NA,NA,NA,NA,NA,NA,NA,NA,NA,NA,NA,NA,NA,NA,NA,NA,NA,NA,NA,NA,NA,NA,NA
as is,777,Loxosomella sp.,NA,entoproct,NA,NA,NA,adult,NA,Both,present,Light & Smith,all,on surface of filter feeding organisms,solitary,sessile,NA,filter feeder,generalist,NA,"on colonies of Dendrobeania lichenoides, Hippodiplosia insculpta, Schizoporella japÃ³nica, Tegella aquilirostris, and other bryozoans (low intertidal, San Juan Island)",NA,NA,NA,NA,NA,NA,Taxonomic,Genus,NA,NA,NA,NA,NA,NA,NA,NA,NA,NA,NA,NA,NA,NA,NA,NA,NA,NA,NA,NA,NA,NA,NA,NA,NA,NA,NA,NA,NA,NA,NA,NA,NA,NA,NA,NA,NA,NA,NA,NA
as is,759,macroalgae,NA,algae,NA,NA,NA,adult,NA,Both,NA,NA,NA,NA,NA,sessile,NA,primary producer,NA,NA,NA,NA,NA,NA,NA,NA,NA,Common Name,Assemblage,NA,NA,NA,NA,NA,NA,NA,NA,NA,NA,NA,NA,NA,NA,NA,NA,NA,NA,NA,NA,NA,NA,NA,NA,NA,NA,NA,NA,NA,NA,NA,NA,NA,NA,NA,NA,NA,NA,NA,NA
as is,95,Manania sp.,NA,scyphozoan,NA,NA,to santa rosa island,adult,NA,N,rare,"Morris, Abbott, & Haderlie",low,to santa rosa island,colonial,sessile,NA,filter feeder,NA,NA,NA,NA,NA,NA,NA,NA,NA,Taxonomic,Genus,NA,NA,NA,NA,NA,NA,NA,NA,NA,NA,NA,NA,NA,NA,NA,NA,NA,NA,NA,NA,NA,NA,NA,NA,NA,NA,NA,NA,NA,NA,NA,NA,NA,NA,NA,NA,NA,NA,NA,NA
as is,654,Mastocarpus sp.,Petrocelis sp.,algae,NA,NA,NA,adult,NA,NA,NA,NA,NA,NA,aggregating,sessile,NA,primary producer,NA,Cyanoplax hartwegii,NA,NA,NA,NA,NA,NA,NA,Taxonomic,Genus,NA,NA,NA,NA,NA,NA,NA,NA,NA,NA,NA,NA,NA,NA,NA,NA,NA,NA,NA,NA,NA,NA,NA,NA,NA,NA,NA,NA,NA,NA,NA,NA,NA,NA,NA,NA,NA,NA,NA,NA
as is,658,Membranipora sp.,NA,bryozoan,NA,NA,NA,adult,NA,NA,NA,NA,NA,NA,colonial,sessile,NA,filter feeder,NA,NA,NA,NA,NA,NA,NA,NA,NA,Taxonomic,Genus,2,fix,NA,NA,NA,NA,NA,NA,NA,NA,NA,NA,NA,NA,NA,NA,NA,NA,NA,NA,NA,NA,NA,NA,NA,NA,NA,NA,NA,NA,NA,NA,NA,NA,NA,NA,NA,NA,NA,NA
as is,681,metacercaria_1,NA,trematode,NA,NA,NA,metacercaria,NA,NA,NA,PO,NA,NA,solitary,sessile,NA,parasite,obligate,NA,NA,NA,NA,NA,NA,NA,NA,Common Name,Morphospecies,NA,NA,NA,NA,NA,NA,NA,NA,NA,NA,NA,NA,NA,NA,NA,NA,NA,NA,NA,NA,NA,NA,NA,NA,NA,NA,NA,NA,NA,NA,NA,NA,NA,NA,NA,NA,NA,NA,NA,NA
as is,682,metacercaria_2,NA,trematode,NA,NA,NA,metacercaria,NA,NA,NA,PO,NA,NA,solitary,sessile,NA,parasite,obligate,NA,NA,NA,NA,NA,NA,NA,NA,Common Name,Morphospecies,NA,NA,NA,NA,NA,NA,NA,NA,NA,NA,NA,NA,NA,NA,NA,NA,NA,NA,NA,NA,NA,NA,NA,NA,NA,NA,NA,NA,NA,NA,NA,NA,NA,NA,NA,NA,NA,NA,NA,NA
as is,695,metacercaria_4,NA,trematode,NA,NA,NA,metacercaria,NA,NA,NA,PO,NA,NA,solitary,sessile,NA,parasite,obligate,NA,NA,NA,NA,NA,NA,NA,NA,Common Name,Morphospecies,NA,NA,NA,NA,NA,NA,NA,NA,NA,NA,NA,NA,NA,NA,NA,NA,NA,NA,NA,NA,NA,NA,NA,NA,NA,NA,NA,NA,NA,NA,NA,NA,NA,NA,NA,NA,NA,NA,NA,NA
as is,696,metacercaria_5,NA,trematode,NA,NA,NA,metacercaria,NA,NA,NA,PO,NA,NA,solitary,sessile,NA,parasite,obligate,NA,NA,NA,NA,NA,NA,NA,NA,Common Name,Morphospecies,NA,NA,NA,NA,NA,NA,NA,NA,NA,NA,NA,NA,NA,NA,NA,NA,NA,NA,NA,NA,NA,NA,NA,NA,NA,NA,NA,NA,NA,NA,NA,NA,NA,NA,NA,NA,NA,NA,NA,NA
as is,697,metacercaria_6,NA,trematode,NA,NA,NA,metacercaria,NA,NA,NA,PO,NA,NA,solitary,sessile,NA,parasite,obligate,NA,NA,NA,NA,NA,NA,NA,NA,Common Name,Morphospecies,NA,NA,NA,NA,NA,NA,NA,NA,NA,NA,NA,NA,NA,NA,NA,NA,NA,NA,NA,NA,NA,NA,NA,NA,NA,NA,NA,NA,NA,NA,NA,NA,NA,NA,NA,NA,NA,NA,NA,NA
as is,755,Microorganisms,NA,microorganism,NA,NA,NA,NA,NA,Both,NA,NA,NA,NA,NA,mobile,NA,various (assemblage),NA,NA,NA,NA,NA,NA,NA,NA,NA,Common Name,Assemblage,NA,NA,NA,NA,NA,NA,NA,NA,NA,NA,NA,NA,NA,NA,NA,NA,NA,NA,NA,NA,NA,NA,NA,NA,NA,NA,NA,NA,NA,NA,NA,NA,NA,NA,NA,NA,NA,NA,NA,NA
as is,1800,Mistostigma sp.,NA,microsnail,NA,NA,Columbia River to Point Conception,adult,1.4,N,present,Light & Smith,all,Rocky intertidal and sublittoral near brown algae. Common in sediment samples,solitary,mobile,NA,unknown,generalist,NA,NA,NA,NA,NA,NA,NA,NA,Taxonomic,Species,NA,NA,NA,NA,NA,NA,NA,NA,NA,NA,NA,NA,NA,NA,NA,NA,NA,NA,NA,NA,NA,NA,NA,NA,NA,NA,NA,NA,NA,NA,NA,NA,NA,NA,NA,NA,NA,NA,NA,NA
as is,752,Mulm,NA,dead stuff,NA,NA,NA,NA,NA,Both,NA,NA,NA,NA,NA,sessile,NA,non-feeding,NA,NA,NA,NA,NA,NA,NA,NA,NA,Common Name,Assemblage,NA,NA,NA,NA,NA,NA,NA,NA,NA,NA,NA,NA,NA,NA,NA,NA,NA,NA,NA,NA,NA,NA,NA,NA,NA,NA,NA,NA,NA,NA,NA,NA,NA,NA,NA,NA,NA,NA,NA,NA
as is,1199,Nebalia sp.,NA,Leptostracan,NA,NA,NA,adult,45427,Both,present,Light & Smith,low,associated with organic material,solitary,sessile,NA,omnivore,generalist,NA,NA,NA,NA,NA,NA,NA,broods eggs,Taxonomic,Species,NA,NA,NA,NA,NA,NA,NA,NA,NA,NA,NA,NA,NA,NA,NA,NA,NA,NA,NA,NA,NA,NA,NA,NA,NA,NA,NA,NA,NA,NA,NA,NA,NA,NA,NA,NA,NA,NA,NA,NA
as is,685,nematode_1,NA,nematode,NA,NA,NA,NA,NA,NA,NA,PO,NA,NA,solitary,NA,NA,parasite,NA,NA,NA,NA,NA,NA,NA,NA,NA,Common Name,Morphospecies,NA,NA,NA,NA,NA,NA,NA,NA,NA,NA,NA,NA,NA,NA,NA,NA,NA,NA,NA,NA,NA,NA,NA,NA,NA,NA,NA,NA,NA,NA,NA,NA,NA,NA,NA,NA,NA,NA,NA,NA
as is,686,nematode_2,NA,nematode,NA,NA,NA,NA,NA,NA,NA,PO,NA,NA,solitary,NA,NA,parasite,NA,NA,NA,NA,NA,NA,NA,NA,NA,Common Name,Morphospecies,NA,NA,NA,NA,NA,NA,NA,NA,NA,NA,NA,NA,NA,NA,NA,NA,NA,NA,NA,NA,NA,NA,NA,NA,NA,NA,NA,NA,NA,NA,NA,NA,NA,NA,NA,NA,NA,NA,NA,NA
as is,687,nematode_3,NA,nematode,NA,NA,NA,NA,NA,NA,NA,PO,NA,NA,solitary,NA,NA,parasite,NA,NA,NA,NA,NA,NA,NA,NA,NA,Common Name,Morphospecies,NA,NA,NA,NA,NA,NA,NA,NA,NA,NA,NA,NA,NA,NA,NA,NA,NA,NA,NA,NA,NA,NA,NA,NA,NA,NA,NA,NA,NA,NA,NA,NA,NA,NA,NA,NA,NA,NA,NA,NA
as is,688,nematode_4,NA,nematode,NA,NA,NA,NA,NA,NA,NA,PO,NA,NA,solitary,NA,NA,parasite,NA,NA,NA,NA,NA,NA,NA,NA,NA,Common Name,Morphospecies,NA,NA,NA,NA,NA,NA,NA,NA,NA,NA,NA,NA,NA,NA,NA,NA,NA,NA,NA,NA,NA,NA,NA,NA,NA,NA,NA,NA,NA,NA,NA,NA,NA,NA,NA,NA,NA,NA,NA,NA
as is,689,nematode_5,NA,nematode,NA,NA,NA,NA,NA,NA,NA,PO,NA,NA,solitary,NA,NA,parasite,NA,NA,NA,NA,NA,NA,NA,NA,NA,Common Name,Morphospecies,NA,NA,NA,NA,NA,NA,NA,NA,NA,NA,NA,NA,NA,NA,NA,NA,NA,NA,NA,NA,NA,NA,NA,NA,NA,NA,NA,NA,NA,NA,NA,NA,NA,NA,NA,NA,NA,NA,NA,NA
as is,690,nematode_6,NA,nematode,NA,NA,NA,NA,NA,NA,NA,PO,NA,NA,solitary,NA,NA,parasite,NA,NA,NA,NA,NA,NA,NA,NA,NA,Common Name,Morphospecies,NA,NA,NA,NA,NA,NA,NA,NA,NA,NA,NA,NA,NA,NA,NA,NA,NA,NA,NA,NA,NA,NA,NA,NA,NA,NA,NA,NA,NA,NA,NA,NA,NA,NA,NA,NA,NA,NA,NA,NA
as is,691,nematode_7,NA,nematode,NA,NA,NA,NA,NA,NA,NA,PO,NA,NA,solitary,NA,NA,parasite,NA,NA,NA,NA,NA,NA,NA,NA,NA,Common Name,Morphospecies,NA,NA,NA,NA,NA,NA,NA,NA,NA,NA,NA,NA,NA,NA,NA,NA,NA,NA,NA,NA,NA,NA,NA,NA,NA,NA,NA,NA,NA,NA,NA,NA,NA,NA,NA,NA,NA,NA,NA,NA
as is,692,nematode_8,NA,nematode,NA,NA,NA,NA,NA,NA,NA,PO,NA,NA,solitary,NA,NA,parasite,NA,NA,NA,NA,NA,NA,NA,NA,NA,Common Name,Morphospecies,NA,NA,NA,NA,NA,NA,NA,NA,NA,NA,NA,NA,NA,NA,NA,NA,NA,NA,NA,NA,NA,NA,NA,NA,NA,NA,NA,NA,NA,NA,NA,NA,NA,NA,NA,NA,NA,NA,NA,NA
as is,701,nematode_9,NA,nematode,NA,NA,NA,NA,NA,NA,NA,PO,NA,NA,solitary,NA,NA,parasite,NA,NA,NA,NA,NA,NA,NA,NA,NA,Common Name,Morphospecies,NA,NA,NA,NA,NA,NA,NA,NA,NA,NA,NA,NA,NA,NA,NA,NA,NA,NA,NA,NA,NA,NA,NA,NA,NA,NA,NA,NA,NA,NA,NA,NA,NA,NA,NA,NA,NA,NA,NA,NA
as is,2095,Oligocottus spp.,NA,fish,NA,NA,NA,adult,NA,N,present,MARINe Rocky Intertidal Ecosystems California North Coast MPA Baseline Study,NA,NA,NA,NA,NA,NA,NA,NA,NA,NA,NA,NA,NA,NA,NA,Taxonomic,Species,NA,NA,NA,NA,NA,NA,NA,NA,NA,NA,NA,NA,NA,NA,NA,NA,NA,NA,NA,NA,NA,NA,NA,NA,NA,NA,NA,NA,NA,NA,NA,NA,NA,NA,NA,NA,NA,NA,NA,NA
as is,1858,Omalogyra sp.,NA,snail,NA,NA,Columbia River to Point Conception,adult,1,N,present,Light & Smith,low,"in low, rocky intertidal on algae on which egg capsules are deposited",solitary,mobile,NA,typical predator,generalist,NA,NA,NA,NA,NA,NA,NA,NA,Taxonomic,Genus,NA,NA,NA,NA,NA,NA,NA,NA,NA,NA,NA,NA,NA,NA,NA,NA,NA,NA,NA,NA,NA,NA,NA,NA,NA,NA,NA,NA,NA,NA,NA,NA,NA,NA,NA,NA,NA,NA,NA,NA
as is,1859,Omalogyra sp.,NA,snail,NA,NA,Columbia River to Point Conception,eggs,NA,N,present,Light & Smith,low,algae,aggregating,sessile,NA,non-feeding life stage,generalist,NA,NA,NA,NA,NA,NA,NA,NA,Taxonomic,Life Stage,NA,NA,NA,NA,NA,NA,NA,NA,NA,NA,NA,NA,NA,NA,NA,NA,NA,NA,NA,NA,NA,NA,NA,NA,NA,NA,NA,NA,NA,NA,NA,NA,NA,NA,NA,NA,NA,NA,NA,NA
as is,693,opecolid_metacercaria_3,NA,trematode,NA,NA,NA,metacercaria,NA,NA,NA,PO,NA,NA,solitary,sessile,NA,parasite,obligate,NA,NA,NA,NA,NA,NA,NA,NA,Common Name,Morphospecies,NA,NA,NA,NA,NA,NA,NA,NA,NA,NA,NA,NA,NA,NA,NA,NA,NA,NA,NA,NA,NA,NA,NA,NA,NA,NA,NA,NA,NA,NA,NA,NA,NA,NA,NA,NA,NA,NA,NA,NA
as is,1265,Pagurapseudidae,NA,tanaeid,NA,NA,"Pacific Grove, CA",adult,NA,N,present,Light & Smith,low,"occupying small snail shells among holdfasts of red algae, low intertidal zone on rocky shores protected from strong surf; red algae in the lower intertidal at Hopkins Marine Station in 1967 ""in shells of Barleeia and other gastropods",solitary,mobile,NA,unknown,generalist,NA,NA,NA,NA,NA,NA,NA,NA,Taxonomic,Family,NA,NA,NA,NA,NA,NA,NA,NA,NA,NA,NA,NA,NA,NA,NA,NA,NA,NA,NA,NA,NA,NA,NA,NA,NA,NA,NA,NA,NA,NA,NA,NA,NA,NA,NA,NA,NA,NA,NA,NA
as is,1102,Peltidium sp.,NA,copepod,NA,zooplankton,"Mendocino County, CA",adult,NA,NA,present,Light & Smith,all,on macroalgae and eelgrass blades,aggregating,mobile,NA,filter feeder,generalist,NA,NA,NA,NA,NA,NA,NA,NA,Taxonomic,Genus,NA,NA,NA,NA,NA,NA,NA,NA,NA,NA,NA,NA,NA,NA,NA,NA,NA,NA,NA,NA,NA,NA,NA,NA,NA,NA,NA,NA,NA,NA,NA,NA,NA,NA,NA,NA,NA,NA,NA,NA
as is,753,Phytoplankton,NA,phytoplankton,NA,NA,NA,NA,NA,Both,NA,NA,NA,NA,NA,mobile,NA,primary producer,NA,NA,NA,NA,NA,NA,NA,NA,NA,Common Name,Assemblage,NA,NA,NA,NA,NA,NA,NA,NA,NA,NA,NA,NA,NA,NA,NA,NA,NA,NA,NA,NA,NA,NA,NA,NA,NA,NA,NA,NA,NA,NA,NA,NA,NA,NA,NA,NA,NA,NA,NA,NA
as is,603,planktonic diatoms,NA,phytoplankton,NA,NA,NA,NA,NA,NA,NA,NA,NA,NA,NA,mobile,NA,primary producer,NA,NA,NA,NA,NA,NA,NA,NA,NA,Common Name,Assemblage,NA,NA,NA,NA,NA,NA,NA,NA,NA,NA,NA,NA,NA,NA,NA,NA,NA,NA,NA,NA,NA,NA,NA,NA,NA,NA,NA,NA,NA,NA,NA,NA,NA,NA,NA,NA,NA,NA,NA,NA
as is,680,polychaete_1,NA,polychaete,NA,NA,NA,adult,NA,NA,NA,PO,NA,NA,solitary,mobile,NA,NA,NA,NA,NA,NA,NA,NA,NA,NA,NA,Common Name,Morphospecies,NA,NA,NA,NA,NA,NA,NA,NA,NA,NA,NA,NA,NA,NA,NA,NA,NA,NA,NA,NA,NA,NA,NA,NA,NA,NA,NA,NA,NA,NA,NA,NA,NA,NA,NA,NA,NA,NA,NA,NA
as is,1667,Polycirrus spp.,NA,polychaete,NA,NA,Columbia River to Point Conception,adult,NA,N,common,Light & Smith,all,Common in rocky habitats and also in mud in tires and other habitats on floats and docks,solitary,sessile,NA,deposit feeder,generalist,NA,NA,NA,NA,NA,NA,NA,NA,Taxonomic,Species,NA,NA,NA,NA,NA,NA,NA,NA,NA,NA,NA,NA,NA,NA,NA,NA,NA,NA,NA,NA,NA,NA,NA,NA,NA,NA,NA,NA,NA,NA,NA,NA,NA,NA,NA,NA,NA,NA,NA,NA
as is,661,Polysiphonia sp.,NA,algae,NA,NA,NA,adult,NA,NA,NA,NA,NA,NA,aggregating,sessile,NA,primary producer,NA,NA,NA,NA,NA,NA,NA,NA,NA,Taxonomic,Genus,3,NA,NA,NA,NA,NA,NA,NA,NA,NA,NA,NA,NA,NA,NA,NA,NA,NA,NA,NA,NA,NA,NA,NA,NA,NA,NA,NA,NA,NA,NA,NA,NA,NA,NA,NA,NA,NA,NA,NA
as is,714,Porphyra sp.,NA,algae,NA,NA,NA,NA,NA,NA,NA,"Morris, Abbott, and Haderlie",NA,NA,aggregating,sessile,NA,primary producer,NA,NA,NA,NA,NA,NA,NA,NA,NA,Taxonomic,Species,NA,NA,NA,NA,NA,NA,NA,NA,NA,NA,NA,NA,NA,NA,NA,NA,NA,NA,NA,NA,NA,NA,NA,NA,NA,NA,NA,NA,NA,NA,NA,NA,NA,NA,NA,NA,NA,NA,NA,NA
as is,1677,Pseudopotamilla sp.,NA,polychaete,NA,NA,Columbia River to Point Conception,adult,NA,N,rare,Light & Smith,all,Rocky or mixed bottoms,solitary,sessile,NA,filter feeder,generalist,NA,NA,NA,NA,NA,NA,NA,NA,Taxonomic,Species,NA,NA,NA,NA,NA,NA,NA,NA,NA,NA,NA,NA,NA,NA,NA,NA,NA,NA,NA,NA,NA,NA,NA,NA,NA,NA,NA,NA,NA,NA,NA,NA,NA,NA,NA,NA,NA,NA,NA,NA
as is,647,Ralfsia sp.,NA,algae,NA,NA,NA,adult,NA,NA,NA,NA,NA,NA,aggregating,sessile,NA,primary producer,NA,NA,NA,NA,NA,NA,NA,NA,NA,Taxonomic,Genus,NA,NA,NA,NA,NA,NA,NA,NA,NA,NA,NA,NA,NA,NA,NA,NA,NA,NA,NA,NA,NA,NA,NA,NA,NA,NA,NA,NA,NA,NA,NA,NA,NA,NA,NA,NA,NA,NA,NA,NA
as is,1857,Rissoella sp.,NA,snail,NA,NA,"Carmel, CA",adult,1,N,present,Light & Smith,all,From tide pool micromollusk sampling,solitary,mobile,NA,typical predator,generalist,NA,NA,NA,NA,NA,NA,NA,NA,Taxonomic,Genus,NA,NA,NA,NA,NA,NA,NA,NA,NA,NA,NA,NA,NA,NA,NA,NA,NA,NA,NA,NA,NA,NA,NA,NA,NA,NA,NA,NA,NA,NA,NA,NA,NA,NA,NA,NA,NA,NA,NA,NA
as is,1475,Sarcophagid flies,NA,insect,carrion fly,NA,NA,adult,NA,NA,uncommon,Light & Smith,all,Large scavenger flies that may occasionally enter the intertidal zone.,solitary,mobile,NA,scavenger,generalist,NA,NA,NA,NA,NA,NA,NA,NA,Taxonomic,Family,NA,NA,NA,NA,NA,NA,NA,NA,NA,NA,NA,NA,NA,NA,NA,NA,NA,NA,NA,NA,NA,NA,NA,NA,NA,NA,NA,NA,NA,NA,NA,NA,NA,NA,NA,NA,NA,NA,NA,NA
as is,927,Sarsia sp.,NA,plankton,NA,NA,not reported,medusa,NA,Both,NA,Light & Smith,all,NA,solitary,mobile,NA,filter feeder,generalist,NA,NA,NA,NA,NA,NA,NA,"represent many unidentified species ""in our area""",Taxonomic,Genus,NA,NA,no,NA,NA,23:43.9,NA,NA,NA,NA,NA,NA,NA,NA,NA,NA,NA,NA,NA,NA,NA,NA,NA,NA,NA,NA,NA,NA,NA,NA,NA,NA,NA,NA,NA,NA,NA,NA,NA,NA
as is,767,Sarsia sp.,NA,hydroid,NA,NA,NA,hydroid,NA,Both,present,Light & Smith,all,pools,colonial,sessile,NA,filter feeder,generalist,Doto sp.,NA,NA,NA,NA,NA,NA,NA,Taxonomic,Genus,NA,NA,NA,NA,NA,NA,NA,NA,NA,NA,NA,NA,NA,NA,NA,NA,NA,NA,NA,NA,NA,NA,NA,NA,NA,NA,NA,NA,NA,NA,NA,NA,NA,NA,NA,NA,NA,NA,NA,NA
as is,758,small crustaceans,NA,zooplankton,NA,NA,NA,NA,NA,Both,NA,NA,NA,NA,NA,mobile,NA,various (assemblage),NA,NA,NA,NA,NA,NA,NA,NA,NA,Common Name,Assemblage,NA,NA,NA,NA,NA,NA,NA,NA,NA,NA,NA,NA,NA,NA,NA,NA,NA,NA,NA,NA,NA,NA,NA,NA,NA,NA,NA,NA,NA,NA,NA,NA,NA,NA,NA,NA,NA,NA,NA,NA
as is,683,Sphaeromyxa sp.,NA,myxozoan,NA,NA,NA,NA,NA,NA,NA,PO,NA,NA,colonial,sessile,NA,parasite,generalist,NA,NA,NA,NA,NA,NA,NA,NA,Taxonomic,Genus,NA,NA,NA,NA,NA,NA,NA,NA,NA,NA,NA,NA,NA,NA,NA,NA,NA,NA,NA,NA,NA,NA,NA,NA,NA,NA,NA,NA,NA,NA,NA,NA,NA,NA,NA,NA,NA,NA,NA,NA
as is,1177,Sphiophanicolid copepods,NA,copepod,NA,invertebrate endoparasite,NA,adult,NA,NA,present,Light & Smith,all,"Unidentified species in this family have been found in the nudibranch genera Dendronotus, Dirona, Eubranchus, and Triopha in the northeastern Pacific region",solitary,sessile,NA,parasite,specialist,NA,NA,NA,NA,NA,NA,NA,NA,Taxonomic,Family,NA,NA,NA,NA,NA,NA,NA,NA,NA,NA,NA,NA,NA,NA,NA,NA,NA,NA,NA,NA,NA,NA,NA,NA,NA,NA,NA,NA,NA,NA,NA,NA,NA,NA,NA,NA,NA,NA,NA,NA
as is,446,Spirorbids,NA,polychaete,spirorbid,NA,NA,adult,NA,Both,present,"Morris, Abbott, & Haderlie",middle to low,"under rocks, on algae, on mussels",NA,sessile,NA,NA,NA,NA,NA,NA,NA,NA,NA,NA,name given to small coiled serpulorbid tube worms,Common Name,Assemblage,NA,NA,NA,NA,NA,NA,middle,NA,NA,NA,NA,NA,NA,NA,NA,NA,NA,NA,NA,NA,NA,NA,NA,NA,NA,NA,NA,NA,NA,NA,NA,NA,NA,NA,NA,NA,NA,NA,NA,NA
as is,17,Sygnathus sp.,NA,fish,pipefish,NA,NA,adult,NA,N,NA,D. Canestro; FishBase,NA,NA,solitary,mobile,NA,typical predator,generalist,NA,NA,NA,NA,NA,NA,NA,NA,Taxonomic,Species,NA,NA,not in LM,NA,NA,NA,NA,NA,NA,NA,NA,NA,NA,NA,NA,NA,NA,NA,NA,NA,NA,NA,NA,NA,NA,NA,NA,NA,NA,NA,NA,NA,NA,NA,NA,NA,NA,NA,NA,NA
as is,652,Sylvetia sp.,Pelvetia fastigiata,algae,rockweed,NA,NA,adult,NA,NA,NA,NA,NA,NA,aggregating,sessile,NA,primary producer,NA,Cyanoplax hartwegii,NA,NA,NA,NA,NA,NA,NA,Taxonomic,Genus,2,NA,NA,NA,NA,NA,NA,NA,NA,NA,NA,NA,NA,NA,NA,NA,NA,NA,NA,NA,NA,NA,NA,NA,NA,NA,NA,NA,NA,NA,NA,NA,NA,NA,NA,NA,NA,NA,NA,NA
as is,589,Syndesmis sp.,NA,turbellarian,NA,NA,NA,adult,NA,Both,present,"Morris, Abbott, & Haderlie; Light & Smith",low to very low,commensal with urchins,solitary,mobile,NA,NA,obligate specialist,NA,Strongylocentrotus purpuratus,NA,NA,NA,NA,NA,NA,Taxonomic,Species,NA,NA,NA,NA,NA,NA,low,NA,NA,NA,NA,NA,NA,NA,NA,NA,NA,NA,NA,NA,NA,NA,NA,NA,NA,NA,NA,NA,NA,NA,NA,NA,NA,NA,NA,NA,NA,NA,NA,NA
as is,980,Telesto sp.,NA,octocoral,NA,NA,Santa Barbara County,adult,45514,S,present,Light & Smith,low,exposed open coast situations,colonial,sessile,NA,filter feeder,generalist,NA,NA,NA,NA,NA,NA,NA,NA,Taxonomic,Species,NA,NA,NA,NA,NA,23:43.9,NA,NA,NA,NA,NA,NA,NA,NA,NA,NA,NA,NA,NA,NA,NA,NA,NA,NA,NA,NA,NA,NA,NA,NA,NA,NA,NA,NA,NA,NA,NA,NA,NA,NA
as is,1459,Thalassacarus spp.,NA,mite,NA,NA,NA,adult,0.18-2,NA,unclear,Light & Smith,all,NA,solitary,mobile,NA,typical predator,generalist,NA,NA,NA,NA,NA,NA,NA,NA,Taxonomic,Species,NA,NA,NA,NA,NA,NA,NA,NA,NA,NA,NA,NA,NA,NA,NA,NA,NA,NA,NA,NA,NA,NA,NA,NA,NA,NA,NA,NA,NA,NA,NA,NA,NA,NA,NA,NA,NA,NA,NA,NA
as is,698,trematode_1,NA,trematode,NA,NA,NA,NA,NA,NA,NA,PO,NA,NA,solitary,sessile,NA,parasite,obligate,NA,NA,NA,NA,NA,NA,NA,NA,Common Name,Morphospecies,NA,NA,NA,NA,NA,NA,NA,NA,NA,NA,NA,NA,NA,NA,NA,NA,NA,NA,NA,NA,NA,NA,NA,NA,NA,NA,NA,NA,NA,NA,NA,NA,NA,NA,NA,NA,NA,NA,NA,NA
as is,699,trematode_2,NA,trematode,NA,NA,NA,NA,NA,NA,NA,PO,NA,NA,solitary,sessile,NA,parasite,obligate,NA,NA,NA,NA,NA,NA,NA,NA,Common Name,Morphospecies,NA,NA,NA,NA,NA,NA,NA,NA,NA,NA,NA,NA,NA,NA,NA,NA,NA,NA,NA,NA,NA,NA,NA,NA,NA,NA,NA,NA,NA,NA,NA,NA,NA,NA,NA,NA,NA,NA,NA,NA
as is,684,trypanorhynch_1,NA,cestode,NA,NA,NA,plerocercoid?,NA,NA,present,PO,NA,NA,solitary,sessile,NA,parasite,obligate,NA,NA,NA,NA,NA,NA,NA,NA,Common Name,Morphospecies,NA,NA,NA,NA,NA,NA,NA,NA,NA,NA,NA,NA,NA,NA,NA,NA,NA,NA,NA,NA,NA,NA,NA,NA,NA,NA,NA,NA,NA,NA,NA,NA,NA,NA,NA,NA,NA,NA,NA,NA
as is,694,trypanorhynch_2,likely Nybelinia sp.,cestode,NA,NA,NA,plerocercoid,NA,NA,present,PO,NA,NA,solitary,sessile,NA,parasite,obligate,NA,NA,NA,NA,NA,NA,NA,NA,Common Name,Morphospecies,NA,NA,NA,NA,NA,NA,NA,NA,NA,NA,NA,NA,NA,NA,NA,NA,NA,NA,NA,NA,NA,NA,NA,NA,NA,NA,NA,NA,NA,NA,NA,NA,NA,NA,NA,NA,NA,NA,NA,NA
as is,601,Ulva sp.,NA,algae,ulva,NA,NA,adult,NA,Both,common,NA,all,NA,aggregating,sessile,NA,primary producer,NA,NA,NA,NA,NA,NA,NA,NA,NA,Taxonomic,Genus,NA,NA,NA,NA,NA,NA,NA,NA,NA,NA,NA,NA,NA,NA,NA,NA,NA,NA,NA,NA,NA,NA,NA,NA,NA,NA,NA,NA,NA,NA,NA,NA,NA,NA,NA,NA,NA,NA,NA,NA
as is,2101,Unknown Stichaeid,NA,fish,NA,NA,NA,adult,NA,N,present,MARINe Rocky Intertidal Ecosystems California North Coast MPA Baseline Study,NA,NA,NA,NA,NA,NA,NA,NA,NA,NA,NA,NA,NA,NA,NA,Taxonomic,Family,NA,NA,not in LM,NA,NA,NA,NA,NA,NA,NA,NA,NA,NA,NA,NA,NA,NA,NA,NA,NA,NA,NA,NA,NA,NA,NA,NA,NA,NA,NA,NA,NA,NA,NA,NA,NA,NA,NA,NA,NA
as is,1821,Velutina sp.,NA,snail,NA,NA,Columbia River to Point Conception,eggs,NA,N,present,Light & Smith,low,egg masses laid on ascidians,aggregating,sessile,NA,non-feeding life stage,generalist,NA,ascidians,NA,NA,NA,NA,NA,NA,Taxonomic,Life Stage,NA,NA,NA,NA,NA,NA,NA,NA,NA,NA,NA,NA,NA,NA,NA,NA,NA,NA,NA,NA,NA,NA,NA,NA,NA,NA,NA,NA,NA,NA,NA,NA,NA,NA,NA,NA,NA,NA,NA,NA
as is,267,Velutina sp.,NA,snail,NA,NA,NA,adult,NA,Both,rare,"Morris, Abbott, & Haderlie; light & Smith",low,"protected areas, under rocks, more common subtidally",solitary,mobile,ascidians,micropredator,generalist,NA,NA,NA,NA,NA,NA,NA,NA,Taxonomic,Unidentified Species,NA,NA,NA,NA,NA,NA,NA,NA,NA,NA,NA,NA,NA,NA,NA,NA,NA,NA,NA,NA,NA,NA,NA,NA,NA,NA,NA,NA,NA,NA,NA,NA,NA,NA,NA,NA,NA,NA,NA,NA
as is,771,Viruses,NA,microorganism,NA,NA,NA,NA,NA,Both,NA,NA,NA,NA,NA,mobile,NA,various (assemblage),NA,NA,NA,NA,NA,NA,NA,NA,NA,Common Name,Assemblage,NA,NA,NA,NA,NA,NA,NA,NA,NA,NA,NA,NA,NA,NA,NA,NA,NA,NA,NA,NA,NA,NA,NA,NA,NA,NA,NA,NA,NA,NA,NA,NA,NA,NA,NA,NA,NA,NA,NA,NA
as is,751,Wrack,Drift algae,dead stuff,NA,NA,NA,NA,NA,Both,NA,NA,NA,NA,NA,sessile,NA,non-feeding,NA,NA,NA,NA,NA,NA,NA,NA,NA,Common Name,Assemblage,NA,NA,NA,NA,NA,NA,NA,NA,NA,NA,NA,NA,NA,NA,NA,NA,NA,NA,NA,NA,NA,NA,NA,NA,NA,NA,NA,NA,NA,NA,NA,NA,NA,NA,NA,NA,NA,NA,NA,NA
as is,754,Zooplankton,NA,zooplankton,NA,NA,NA,NA,NA,Both,NA,NA,NA,NA,NA,mobile,NA,various (assemblage),NA,NA,NA,NA,NA,NA,NA,NA,NA,Common Name,Assemblage,NA,NA,NA,NA,NA,NA,NA,NA,NA,NA,NA,NA,NA,NA,NA,NA,NA,NA,NA,NA,NA,NA,NA,NA,NA,NA,NA,NA,NA,NA,NA,NA,NA,NA,NA,NA,NA,NA,NA,NA
not in WORMS,716,Aggregata polibraxiona,NA,coccidian,NA,NA,NA,NA,NA,NA,NA,NA,NA,NA,aggregating,sessile,NA,primary producer,NA,NA,NA,NA,NA,NA,octopus,NA,NA,Taxonomic,Species,1,NA,NA,NA,NA,NA,NA,NA,NA,NA,NA,NA,NA,NA,NA,NA,NA,NA,NA,NA,NA,NA,NA,NA,NA,NA,NA,NA,NA,NA,NA,NA,NA,NA,NA,NA,NA,NA,NA,NA
in WORMS twice,1331,Allorchestes angustus,A. malleola,gammarid,NA,NA,NA,adult,10,NA,present,Light & Smith,all,NA,solitary,mobile,NA,unknown,generalist,NA,NA,NA,NA,NA,NA,NA,NA,Taxonomic,Species,NA,NA,NA,NA,NA,NA,NA,NA,NA,NA,NA,NA,NA,NA,NA,NA,NA,NA,NA,NA,NA,NA,NA,NA,NA,NA,NA,NA,NA,NA,NA,NA,NA,NA,NA,NA,NA,NA,NA,NA
no idea what's wrong with this one,1804,Alvania almo,NA,microsnail,NA,NA,Columbia River to Point Conception,adult,NA,N,present,Light & Smith,all,can be collected by screening algae and eelgrass and by taking sand and gravel,solitary,mobile,diatoms and microalgal films.,grazer,generalist,NA,NA,NA,NA,NA,NA,NA,NA,Taxonomic,Species,NA,NA,NA,NA,NA,NA,NA,NA,NA,NA,NA,NA,NA,NA,NA,NA,NA,NA,NA,NA,NA,NA,NA,NA,NA,NA,NA,NA,NA,NA,NA,NA,NA,NA,NA,NA,NA,NA,NA,NA
no idea what's wrong with this one,911,Amphinema turrida,NA,plankton,NA,NA,Monterey Bay to Mexico,medusa,NA,Both,rare,Light & Smith,low,NA,solitary,mobile,NA,filter feeder,generalist,NA,NA,NA,NA,NA,NA,NA,NA,Taxonomic,Species,NA,NA,NA,NA,NA,23:43.9,NA,NA,NA,NA,NA,NA,NA,NA,NA,NA,NA,NA,NA,NA,NA,NA,NA,NA,NA,NA,NA,NA,NA,NA,NA,NA,NA,NA,NA,NA,NA,NA,NA,NA
no idea what's wrong with this one,1297,Ampithoe simulans,NA,gammarid,NA,NA,NA,adult,30,NA,present,Light & Smith,all,"Among algae and Phyllospadix of open and semiprotected coasts,",solitary,mobile,NA,unknown,generalist,NA,NA,NA,NA,NA,NA,NA,NA,Taxonomic,Species,NA,NA,NA,NA,NA,NA,NA,NA,NA,NA,NA,NA,NA,NA,NA,NA,NA,NA,NA,NA,NA,NA,NA,NA,NA,NA,NA,NA,NA,NA,NA,NA,NA,NA,NA,NA,NA,NA,NA,NA
Aplysiopsis oliviae,304,Aplysiopsis oliviae?,NA,NA,NA,NA,NA,NA,NA,NA,NA,NA,NA,NA,NA,mobile,NA,NA,NA,NA,NA,NA,NA,NA,NA,NA,NA,NA,NA,NA,NA,NA,NA,NA,NA,NA,NA,NA,NA,NA,NA,NA,NA,NA,NA,NA,NA,NA,NA,NA,NA,NA,NA,NA,NA,NA,NA,NA,NA,NA,NA,NA,NA,NA,NA,NA,NA,NA,NA
Aplysiopsis smithi,303,Aplysiopsis smithi?,NA,NA,NA,NA,NA,NA,NA,NA,NA,NA,NA,NA,NA,mobile,NA,NA,NA,NA,NA,NA,NA,NA,NA,NA,NA,NA,NA,NA,NA,NA,NA,NA,NA,NA,NA,NA,NA,NA,NA,NA,NA,NA,NA,NA,NA,NA,NA,NA,NA,NA,NA,NA,NA,NA,NA,NA,NA,NA,NA,NA,NA,NA,NA,NA,NA,NA,NA
Bopyrella calmani,1220,Bopyrella calmaniÂ ,Bopyriscus caimani,isopod,NA,NA,Central California to Southern California,adult,NA,Both,double check,Light & Smith,all,on branchial chamber of the snapping shrimp,solitary,mobile,NA,unknown,generalist,NA,NA,NA,NA,NA,Alpheus sp.,NA,NA,Taxonomic,Species,NA,NA,NA,NA,NA,NA,NA,NA,NA,NA,NA,NA,NA,NA,NA,NA,NA,NA,NA,NA,NA,NA,NA,NA,NA,NA,NA,NA,NA,NA,NA,NA,NA,NA,NA,NA,NA,NA,NA,NA
Bythotiara huntsmani,61,Bythotiara huntsmaniÂ ,Endocrypta huntsmani,hydroid,NA,NA,NA,medusa,NA,N,not present,NA,NA,hydroids live in ascidian prebranchial region. Adult is presumably free swimming,solitary,mobile,NA,filter feeder,NA,NA,NA,NA,NA,NA,NA,NA,NA,Taxonomic,Species,NA,NA,NA,NA,NA,NA,NA,NA,NA,NA,NA,NA,NA,NA,NA,NA,NA,NA,NA,NA,NA,NA,NA,NA,NA,NA,NA,NA,NA,NA,NA,NA,NA,NA,NA,NA,NA,NA,NA,NA
Bythotiara huntsmani,81,Bythotiara huntsmaniÂ ,Endocrypta huntsmani,hydroid,NA,NA,NA,hydroid colony,NA,N,present,NA,NA,hydroids live in ascidian prebranchial region. Adult is presumably free swimming,colonial,sessile,NA,filter feeder,NA,NA,Ascidia ceratodes,NA,NA,NA,NA,NA,NA,Taxonomic,Species,2,fix,NA,NA,NA,NA,NA,NA,NA,NA,NA,NA,NA,NA,NA,NA,NA,NA,NA,NA,NA,NA,NA,NA,NA,NA,NA,NA,NA,NA,NA,NA,NA,NA,NA,NA,NA,NA,NA,NA
in WORMS multiple times,231,Calliostoma canaliculatum,NA,topsnail,channeled topsnail,NA,NA,adult,NA,Both,uncommon,"Morris, Abbott, & Haderlie; Light & Smith",very low,occur on Macrocystis,solitary,mobile,"Macrocystis pyrifera, anything growing on Macrocystis",omnivore,generalist,NA,NA,NA,NA,NA,NA,NA,NA,Taxonomic,Species,NA,NA,NA,NA,NA,NA,NA,NA,NA,NA,NA,NA,NA,NA,NA,NA,NA,NA,NA,NA,NA,NA,NA,NA,NA,NA,NA,NA,NA,NA,NA,NA,NA,NA,NA,NA,NA,NA,NA,NA
no idea what's wrong with this one,1413,Caprella penantis,NA,caprellid,NA,NA,Monterey Bay to South and Atlantic,adult,NA,Both,present,Light & Smith,all,NA,solitary,mobile,NA,grazer,generalist,NA,NA,NA,NA,NA,NA,NA,NA,Taxonomic,Species,NA,NA,NA,NA,NA,NA,NA,NA,NA,NA,NA,NA,NA,NA,NA,NA,NA,NA,NA,NA,NA,NA,NA,NA,NA,NA,NA,NA,NA,NA,NA,NA,NA,NA,NA,NA,NA,NA,NA,NA
Ceratostoma nuttalli,273,Ceratostoma nuttalliÂ ,NA,murex,Nuttall's hornmouth,NA,NA,adult,NA,S,present,"Morris, Abbott, & Haderlie",middle to low,rubble,solitary,mobile,"Mytilus californianus, Mytilus edulis",typical predator,generalist,NA,NA,NA,NA,NA,NA,NA,NA,Taxonomic,Species,1,NA,NA,NA,NA,NA,middle,NA,NA,NA,NA,NA,NA,NA,NA,NA,NA,NA,NA,NA,NA,NA,NA,NA,NA,NA,NA,NA,NA,NA,NA,NA,NA,NA,NA,NA,NA,NA,NA,NA
Ceratostoma nuttalli,1836,Ceratostoma nuttalliÂ ,NA,snail,Nuttall's hornmouth,NA,Columbia River to Point Conception,eggs,NA,S,present,Light & Smith,middle to low,egg capsules on rocks,aggregating,sessile,NA,non-feeding life stage,NA,NA,NA,NA,NA,NA,NA,NA,NA,Taxonomic,Life Stage,NA,NA,NA,NA,NA,NA,middle,NA,NA,NA,NA,NA,NA,NA,NA,NA,NA,NA,NA,NA,NA,NA,NA,NA,NA,NA,NA,NA,NA,NA,NA,NA,NA,NA,NA,NA,NA,NA,NA,NA
not in WORMS,1484,Cercyon luniger,NA,insect,NA,NA,NA,adult,NA,NA,present,Light & Smith,all,"High-intertidal zones, on rocky shoresl with other beetles swarming as part of the decaying kelp community",aggregating,mobile,saprophytic fungi and bacteria,detritivore,generalist,NA,NA,NA,NA,NA,NA,NA,NA,Taxonomic,Species,NA,NA,NA,NA,NA,NA,NA,NA,NA,NA,NA,NA,NA,NA,NA,NA,NA,NA,NA,NA,NA,NA,NA,NA,NA,NA,NA,NA,NA,NA,NA,NA,NA,NA,NA,NA,NA,NA,NA,NA
not in WORMS,1485,Cercyon luniger,NA,insect,NA,NA,NA,larvae,NA,NA,present,Light & Smith,all,"High-intertidal zones, on rocky shoresl with other beetles swarming as part of the decaying kelp community",aggregating,mobile,"soft-skinned, slow-moving animals, such as annelids",typical predator,generalist,NA,NA,NA,NA,NA,NA,NA,NA,Taxonomic,Life Stage,NA,NA,NA,NA,NA,NA,NA,NA,NA,NA,NA,NA,NA,NA,NA,NA,NA,NA,NA,NA,NA,NA,NA,NA,NA,NA,NA,NA,NA,NA,NA,NA,NA,NA,NA,NA,NA,NA,NA,NA
doesn't seem to exist,657,Chondra corimbiterus,NA,algae,turkish towel,NA,NA,adult,NA,Both,NA,2021 Algae ID Workshop,NA,NA,aggregating,sessile,NA,primary producer,NA,NA,NA,NA,NA,NA,NA,NA,NA,Taxonomic,Species,NA,NA,NA,NA,NA,NA,NA,NA,NA,NA,NA,NA,NA,NA,NA,NA,NA,NA,NA,NA,NA,NA,NA,NA,NA,NA,NA,NA,NA,NA,NA,NA,NA,NA,NA,NA,NA,NA,NA,NA
in WORMS multiple times,1813,Crepidula convexa,NA,slipper limpet,NA,NA,Introduced to San Francisco Bay,adult,10,N,unclear,Light & Smith,all,often on shells including hermit crab-occupied Ilyanassa obsoleta,solitary,mobile,NA,filter feeder,generalist,NA,NA,NA,NA,NA,NA,NA,NA,Taxonomic,Species,NA,NA,NA,NA,NA,NA,NA,NA,NA,NA,NA,NA,NA,NA,NA,NA,NA,NA,NA,NA,NA,NA,NA,NA,NA,NA,NA,NA,NA,NA,NA,NA,NA,NA,NA,NA,NA,NA,NA,NA
in WORMS twice,1815,Crepidula plana,NA,slipper limpet,NA,NA,Introduced to San Francisco Bay,adult,NA,N,present,Light & Smith,all,on rocks and often (as concave specimens) in hermit crab shells.,solitary,mobile,NA,filter feeder,generalist,NA,in hermit crab shells,NA,NA,NA,NA,NA,NA,Taxonomic,Species,NA,NA,NA,NA,NA,NA,NA,NA,NA,NA,NA,NA,NA,NA,NA,NA,NA,NA,NA,NA,NA,NA,NA,NA,NA,NA,NA,NA,NA,NA,NA,NA,NA,NA,NA,NA,NA,NA,NA,NA
in WORMS twice,787,Crisia occidentalis,NA,bryozoan,NA,NA,NA,adult,2 - 200,Both,present,Light & Smith,all,intertidal,colonial,sessile,NA,filter feeder,generalist,NA,NA,NA,NA,NA,NA,NA,NA,Taxonomic,Species,NA,NA,NA,NA,NA,NA,NA,NA,NA,NA,NA,NA,NA,NA,NA,NA,NA,NA,NA,NA,NA,NA,NA,NA,NA,NA,NA,NA,NA,NA,NA,NA,NA,NA,NA,NA,NA,NA,NA,NA
no idea what's wrong with this one,1048,Dactylopusia vulgaris inornata,NA,copepod,NA,zooplankton,NA,adult,NA,NA,abundant,Light & Smith,low,Abundant in epiphytes on eelgrass and macroalgae.,aggregating,mobile,NA,filter feeder,generalist,juvenile salmon and flatfish,NA,NA,NA,NA,NA,NA,NA,Taxonomic,Subspecies,NA,NA,NA,NA,NA,NA,NA,NA,NA,NA,NA,NA,NA,NA,NA,NA,NA,NA,NA,NA,NA,NA,NA,NA,NA,NA,NA,NA,NA,NA,NA,NA,NA,NA,NA,NA,NA,NA,NA,NA
Dicyemennea brevicephala,670,Dicyemennea brevicephalum,Dicyemennea brevicephala,rhombozoan,NA,NA,NA,multiple,2,N,present,"Morris, Abbott, & Haderlie",NA,NA,colonial,mobile,NA,parasite,obligate specialist,NA,NA,NA,NA,NA,Octopus rubescens,NA,NA,Taxonomic,Species,1,NA,NA,NA,NA,NA,NA,NA,NA,NA,NA,NA,NA,NA,NA,NA,NA,NA,NA,NA,NA,NA,NA,NA,NA,NA,NA,NA,NA,NA,NA,NA,NA,NA,NA,NA,NA,NA,NA,NA
Dicyemennea adscita,667,Dicyemmenea adscita,NA,rhombozoan,NA,NA,NA,multiple,3,S,present,"Morris, Abbott, & Haderlie; Light & Smith",NA,NA,colonial,mobile,NA,parasite,obligate specialist,NA,NA,NA,NA,NA,Octopus rubescens,NA,NA,Taxonomic,Species,1,NA,NA,NA,NA,NA,NA,NA,NA,NA,NA,NA,NA,NA,NA,NA,NA,NA,NA,NA,NA,NA,NA,NA,NA,NA,NA,NA,NA,NA,NA,NA,NA,NA,NA,NA,NA,NA,NA,NA
not in WORMS,1531,Emphyastes fucicola,NA,insect,NA,NA,NA,larvae,NA,NA,present,Light & Smith,all,eat decaying kelp below the surface of the water,solitary,mobile,decaying kelp,detritivore,generalist,NA,NA,NA,NA,NA,NA,NA,NA,Taxonomic,Species,NA,NA,NA,NA,NA,NA,NA,NA,NA,NA,NA,NA,NA,NA,NA,NA,NA,NA,NA,NA,NA,NA,NA,NA,NA,NA,NA,NA,NA,NA,NA,NA,NA,NA,NA,NA,NA,NA,NA,NA
in WORMS twice,1308,Ericthonius rubricornis,NA,gammarid,NA,NA,Amphiboreal?,adult,9,NA,present,Light & Smith,all,forming mats of muddy tubes on diverse substrata,solitary,sessile,NA,unknown,generalist,NA,NA,NA,NA,NA,NA,NA,tube building,Taxonomic,Species,NA,NA,NA,NA,NA,NA,NA,NA,NA,NA,NA,NA,NA,NA,NA,NA,NA,NA,NA,NA,NA,NA,NA,NA,NA,NA,NA,NA,NA,NA,NA,NA,NA,NA,NA,NA,NA,NA,NA,NA
EuplotaspisÊcionaecola,621,Euplotastpis cionaecola,NA,ciliate,NA,NA,NA,NA,NA,NA,NA,Burreson 1975,NA,in tunicates,solitary,mobile,NA,unknown,NA,NA,tunicates (see above),NA,NA,NA,NA,NA,NA,Taxonomic,Species,2,NA,NA,NA,NA,NA,NA,NA,NA,NA,NA,NA,NA,NA,NA,NA,NA,NA,NA,NA,NA,NA,NA,NA,NA,NA,NA,NA,NA,NA,NA,NA,NA,NA,NA,NA,NA,NA,NA,NA
no idea what's wrong with this one,1225,Excorallana tricornis occidentalis,NA,isopod,NA,NA,Southern California to Panama,adult,NA,S,present,Light & Smith,all,rocks,solitary,mobile,NA,typical predator,generalist,NA,NA,NA,NA,NA,NA,NA,NA,Taxonomic,Species,NA,NA,NA,NA,NA,NA,NA,NA,NA,NA,NA,NA,NA,NA,NA,NA,NA,NA,NA,NA,NA,NA,NA,NA,NA,NA,NA,NA,NA,NA,NA,NA,NA,NA,NA,NA,NA,NA,NA,NA
no idea what's wrong with this one,191,Fissurella volcano crucifera,NA,limpet,keyhole limpet,NA,NA,adult,NA,Both,abundant,"Morris, Abbott, & Haderlie",middle,NA,solitary,mobile,NA,grazer,NA,Pisaster ochraceus,NA,NA,NA,NA,NA,NA,NA,Taxonomic,Species,3,fix,NA,NA,NA,NA,NA,NA,NA,NA,NA,NA,NA,NA,NA,NA,NA,NA,NA,NA,NA,NA,NA,NA,NA,NA,NA,NA,NA,NA,NA,NA,NA,NA,NA,NA,NA,NA,NA,NA
Foettingeria actiniarium,584,Foettingeria actiniarum,NA,ciliate,NA,NA,NA,NA,NA,Both,present,NA,NA,on Tealia crassicorna,aggregating,mobile,Tealia crassicorna,NA,NA,NA,NA,NA,NA,NA,NA,NA,NA,Taxonomic,Species,NA,NA,NA,NA,NA,NA,NA,NA,NA,NA,NA,NA,NA,NA,NA,NA,NA,NA,NA,NA,NA,NA,NA,NA,NA,NA,NA,NA,NA,NA,NA,NA,NA,NA,NA,NA,NA,NA,NA,NA
in WORMS multiple times,68,Geodia mesotriaena,NA,sponge,NA,NA,NA,adult,NA,Both,NA,"Morris, Abbott, & Haderlie",NA,NA,NA,sessile,NA,filter feeder,generalist,NA,NA,NA,NA,NA,NA,NA,NA,Taxonomic,Species,NA,NA,NA,NA,NA,NA,NA,NA,NA,NA,NA,NA,NA,NA,NA,NA,NA,NA,NA,NA,NA,NA,NA,NA,NA,NA,NA,NA,NA,NA,NA,NA,NA,NA,NA,NA,NA,NA,NA,NA
Chondracanthus canaliculatus,743,Gigartina non-canaliculata,NA,algae,NA,NA,NA,adult,NA,NA,NA,NA,NA,NA,aggregating,sessile,NA,primary producer,NA,NA,NA,NA,NA,NA,NA,NA,NA,Taxonomic,Species,NA,NA,NA,NA,NA,NA,NA,NA,NA,NA,NA,NA,NA,NA,NA,NA,NA,NA,NA,NA,NA,NA,NA,NA,NA,NA,NA,NA,NA,NA,NA,NA,NA,NA,NA,NA,NA,NA,NA,NA
no idea what's wrong with this one,715,Gyrodactylus maculosi,NA,monogene,NA,NA,NA,adult,NA,NA,NA,NA,NA,NA,colonial,sessile,NA,parasite,NA,NA,NA,NA,NA,NA,oligocottus,NA,NA,Taxonomic,Species,1,NA,NA,NA,NA,NA,NA,NA,NA,NA,NA,NA,NA,NA,NA,NA,NA,NA,NA,NA,NA,NA,NA,NA,NA,NA,NA,NA,NA,NA,NA,NA,NA,NA,NA,NA,NA,NA,NA,NA
in WORMS twice,969,Haliclystus sanjuanensis,NA,cnidarian,NA,NA,"Unalaska Island in the Aleutians (53.4Â° N, 166.8Â° W) in the northwest, to Santa Barbara County, California, just north of Point Conception (34.5Â° N, 120.5Â° W)",adult,NA,N,present,Mills et al (2023),low,"On living eelgrass and surfgrass, Zostera marina and Phyllospadix scouleri, or on various species of red, green, and brown algae",solitary,sessile,NA,filter feeder,generalist,NA,"Zostera marina and Phyllospadix scouleri, or on various species of red, green, and brown algae",NA,NA,NA,NA,NA,NA,Taxonomic,Species,NA,NA,NA,NA,NA,NA,NA,NA,NA,NA,NA,NA,NA,NA,NA,NA,NA,NA,NA,NA,NA,NA,NA,NA,NA,NA,NA,NA,NA,NA,NA,NA,NA,NA,NA,NA,NA,NA,NA,NA
no idea what's wrong with this one,425,Halosydna brevisetosa,NA,scale worm,NA,NA,NA,adult,NA,Both,common,"Morris, Abbott, & Haderlie; Light & Smith",low,free living in mussel beds/holdfasts or commensal in tubes,solitary,mobile,NA,NA,facultative generalist,NA,"Pista pacifica, Pista elongata, Thelepus crispus, Neoamphitrite robusta, Loimia montagui, Platynereis bicanaliculata",NA,NA,NA,NA,NA,NA,Taxonomic,Species,4,NA,NA,NA,NA,NA,NA,NA,NA,NA,NA,NA,NA,NA,NA,NA,NA,NA,NA,NA,NA,NA,NA,NA,NA,NA,NA,NA,NA,NA,NA,NA,NA,NA,NA,NA,NA,NA,NA,NA
not in WORMS,585,Haplosporidium malacobdellae,NA,sporozoan,NA,NA,NA,NA,NA,Both,present,"Morris, Abbott, & Haderlie",NA,in Macobdella,colonial,sessile,Macobdella grossa,parasite,obligate generalist,NA,NA,NA,NA,NA,NA,NA,NA,Taxonomic,Species,5,NA,NA,NA,NA,NA,NA,NA,NA,NA,NA,NA,NA,NA,NA,NA,NA,NA,NA,NA,NA,NA,NA,NA,NA,NA,NA,NA,NA,NA,NA,NA,NA,NA,NA,NA,NA,NA,NA,NA
not in WORMS,512,Heptacarpus pictus,NA,shrimp,red banded transparent shrimp,NA,NA,adult,NA,Both,abundant,"Morris, Abbott, & Haderlie",tidepools,among rocks and algae in pools,solitary,mobile,NA,scavenger,NA,NA,NA,NA,NA,NA,NA,NA,NA,Taxonomic,Species,2,fix,NA,NA,NA,NA,all,NA,NA,NA,NA,NA,NA,NA,NA,NA,NA,NA,NA,NA,NA,NA,NA,NA,NA,NA,NA,NA,NA,NA,NA,NA,NA,NA,NA,NA,NA,NA,NA,NA
not in WORMS,730,Heptacyclus cabrilloi,NA,leech,NA,NA,NA,adult,NA,NA,NA,NA,NA,NA,solitary,mobile,NA,parasite,NA,NA,NA,NA,NA,NA,heterostichus rostratus,NA,NA,Taxonomic,Species,5,NA,NA,NA,NA,NA,NA,NA,NA,NA,NA,NA,NA,NA,NA,NA,NA,NA,NA,NA,NA,NA,NA,NA,NA,NA,NA,NA,NA,NA,NA,NA,NA,NA,NA,NA,NA,NA,NA,NA
not in WORMS,1543,Heptacyclus viridus,(=Malmiana),leech,NA,NA,Oregon,adult,NA,not in CA,unclear,Light & Smith,low,"parasite of buffalo sculpin; estuaries, especially Yaquina Bay",solitary,mobile,NA,parasite,specialist,NA,NA,NA,NA,NA,Enophrys bison,NA,NA,Taxonomic,Species,NA,NA,NA,NA,NA,NA,NA,NA,NA,NA,NA,NA,NA,NA,NA,NA,NA,NA,NA,NA,NA,NA,NA,NA,NA,NA,NA,NA,NA,NA,NA,NA,NA,NA,NA,NA,NA,NA,NA,NA
in WORMS multiple times,612,Jania crassa,"J. micrarthrodiaÂ ,Â J. natalensisÂ andÂ Corallina natalensis",corraline algae,NA,NA,NA,adult,70mm,S,present,http://biology.fullerton.edu/biol317/Murray/Fall97/coralline_algae.html,middle to low,rocks,aggregating,sessile,NA,primary producer,NA,NA,NA,NA,NA,NA,NA,NA,NA,Taxonomic,Species,NA,NA,NA,NA,NA,NA,middle,NA,NA,NA,NA,NA,NA,NA,NA,NA,NA,NA,NA,NA,NA,NA,NA,NA,NA,NA,NA,NA,NA,NA,NA,NA,NA,NA,NA,NA,NA,NA,NA,NA
no idea what's wrong with this one,1213,Joeropsis dubia dubia,NA,isopod,NA,NA,"Dillon Beach, Marin County to South",adult,NA,Both,present,Light & Smith,low,"on algal holdfasts, bryozoans, tunicates, hydroids, barnacles and under rocks",solitary,mobile,NA,unknown,generalist,NA,NA,NA,NA,NA,NA,NA,NA,Taxonomic,Subspecies,NA,NA,NA,NA,NA,NA,NA,NA,NA,NA,NA,NA,NA,NA,NA,NA,NA,NA,NA,NA,NA,NA,NA,NA,NA,NA,NA,NA,NA,NA,NA,NA,NA,NA,NA,NA,NA,NA,NA,NA
no idea what's wrong with this one,1214,Joeropsis dubia paucispinis,NA,isopod,NA,NA,Marin County,adult,NA,N,present,Light & Smith,all,NA,solitary,mobile,NA,unknown,generalist,NA,NA,NA,NA,NA,NA,NA,NA,Taxonomic,Subspecies,NA,NA,NA,NA,NA,NA,NA,NA,NA,NA,NA,NA,NA,NA,NA,NA,NA,NA,NA,NA,NA,NA,NA,NA,NA,NA,NA,NA,NA,NA,NA,NA,NA,NA,NA,NA,NA,NA,NA,NA
Laqueus erythraeus,892,Laqueus californianus,NA,brachiopod,NA,NA,Alaska to Baja California,adult,NA,Both,present,Light & Smith,low,intertidally,solitary,sessile,NA,filter feeder,generalist,NA,NA,NA,NA,NA,NA,NA,NA,Taxonomic,Species,NA,NA,NA,NA,NA,NA,NA,NA,NA,NA,NA,NA,NA,NA,NA,NA,NA,NA,NA,NA,NA,NA,NA,NA,NA,NA,NA,NA,NA,NA,NA,NA,NA,NA,NA,NA,NA,NA,NA,NA
in WORMS twice,675,Lecudina arabellae,NA,gregarine,NA,NA,NA,adult,NA,NA,present,"Morris, Abbott, and Haderlie",NA,NA,colonial,mobile,NA,NA,NA,NA,NA,NA,NA,NA,NA,NA,NA,Taxonomic,Species,NA,NA,NA,NA,NA,NA,NA,NA,NA,NA,NA,NA,NA,NA,NA,NA,NA,NA,NA,NA,NA,NA,NA,NA,NA,NA,NA,NA,NA,NA,NA,NA,NA,NA,NA,NA,NA,NA,NA,NA
in WORMS twice,1547,Lepidasthenia longicirrata,NA,polychaete,NA,NA,Vancouver Island to southern California,adult,NA,NA,present,Light & Smith,all,"among rocks, or in shelly substrata; often associated with parchmentlike, sand and shell-covered tubes that the worm apparently constructs; reported as a commensal with maldanid polychaetes;",solitary,mobile,NA,unknown,generalist,NA,with malanid polychaetes,NA,NA,NA,NA,NA,NA,Taxonomic,Species,NA,NA,NA,NA,NA,NA,NA,NA,NA,NA,NA,NA,NA,NA,NA,NA,NA,NA,NA,NA,NA,NA,NA,NA,NA,NA,NA,NA,NA,NA,NA,NA,NA,NA,NA,NA,NA,NA,NA,NA
Leucosolenia eleanor,75,Leucoselenia eleanor,NA,sponge,NA,NA,NA,adult,NA,Both,NA,"Morris, Abbott, & Haderlie; Light & Smith",NA,NA,NA,sessile,NA,filter feeder,generalist,NA,NA,NA,NA,NA,NA,NA,NA,Taxonomic,Species,NA,NA,NA,NA,NA,NA,NA,NA,NA,NA,NA,NA,NA,NA,NA,NA,NA,NA,NA,NA,NA,NA,NA,NA,NA,NA,NA,NA,NA,NA,NA,NA,NA,NA,NA,NA,NA,NA,NA,NA
,1793,Lirobittium esuriens,NA,snail,NA,NA,Columbia River to Point Conception,adult,NA,N,unclear,Light & Smith,all,NA,solitary,mobile,NA,detritivore,generalist,NA,NA,NA,NA,NA,NA,NA,this taxon doesn't seem to exist outside of L&S,Taxonomic,Species,NA,NA,NA,NA,NA,NA,NA,NA,NA,NA,NA,NA,NA,NA,NA,NA,NA,NA,NA,NA,NA,NA,NA,NA,NA,NA,NA,NA,NA,NA,NA,NA,NA,NA,NA,NA,NA,NA,NA,NA
,1795,Lirobittium latifilosum,NA,snail,NA,NA,Columbia River to Point Conception,adult,NA,N,uncommon,Light & Smith,low,"In gravel, under algae",solitary,mobile,NA,detritivore,generalist,NA,NA,NA,NA,NA,NA,NA,NA,Taxonomic,Species,NA,NA,NA,NA,NA,NA,NA,NA,NA,NA,NA,NA,NA,NA,NA,NA,NA,NA,NA,NA,NA,NA,NA,NA,NA,NA,NA,NA,NA,NA,NA,NA,NA,NA,NA,NA,NA,NA,NA,NA
in WORMS twice,1879,Littorina saxatilis,NA,limpet,NA,NA,introduced from East Coast to San Francisco Bay,adult,NA,N,unclear,Light & Smith,all,"in upper eulittoral, among barnacles",solitary,mobile,"broad range of diatoms, blue-green algae, ephemeral filamentous and foliose macroalgae, and macrophyte litter",unknown,generalist,NA,NA,NA,NA,NA,NA,NA,NA,Taxonomic,Species,NA,NA,NA,NA,NA,NA,NA,NA,NA,NA,NA,NA,NA,NA,NA,NA,NA,NA,NA,NA,NA,NA,NA,NA,NA,NA,NA,NA,NA,NA,NA,NA,NA,NA,NA,NA,NA,NA,NA,NA
,1000,Lophopanopeus bellus bellus,NA,true crab,NA,NA,"Resurrection Bay, AK to Cayucos, CA",adult,50,N,present,Light & Smith,all,under rocks; stones of protected and unprotected coast,solitary,mobile,NA,NA,NA,NA,NA,NA,Loxothylacus panopaei,NA,NA,NA,NA,Taxonomic,Subspecies,NA,NA,NA,NA,NA,NA,NA,NA,NA,NA,NA,NA,NA,NA,NA,NA,NA,NA,NA,NA,NA,NA,NA,NA,NA,NA,NA,NA,NA,NA,NA,NA,NA,NA,NA,NA,NA,NA,NA,NA
,1001,Lophopanopeus bellus digensis,NA,true crab,NA,NA,"Monterey Bay, CA to San Diego, CA",adult,50,Both,present,NA,all,under rocks; stones of protected and unprotected coast,solitary,mobile,NA,NA,NA,NA,NA,NA,Loxothylacus panopaei,NA,NA,NA,NA,Taxonomic,Subspecies,NA,NA,NA,NA,NA,NA,NA,NA,NA,NA,NA,NA,NA,NA,NA,NA,NA,NA,NA,NA,NA,NA,NA,NA,NA,NA,NA,NA,NA,NA,NA,NA,NA,NA,NA,NA,NA,NA,NA,NA
,557,Lophopanopeus leucomanus leucomanus,NA,true crab,NA,NA,NA,adult,NA,Both,abundant,"Morris, Abbott, & Haderlie",low,"under rocks, buried in sand, among tubes, piles of drift algae",solitary,mobile,"""algae, crustose coralline algae, some animal material""",omnivore,generalist,NA,NA,NA,NA,NA,NA,NA,NA,Taxonomic,Species,NA,NA,NA,NA,NA,NA,NA,NA,NA,NA,NA,NA,NA,NA,NA,NA,NA,NA,NA,NA,NA,NA,NA,NA,NA,NA,NA,NA,NA,NA,NA,NA,NA,NA,NA,NA,NA,NA,NA,NA
,1876,Lottia digitalis situs,NA,limpet,NA,NA,NA,adult,NA,Both,present,Light & Smith,all,on plates of Pollicipes polymerus;,solitary,mobile,NA,unknown,generalist,NA,on Pollicipes polymerus,NA,NA,NA,NA,NA,NA,Taxonomic,Subspecies,NA,NA,NA,NA,NA,NA,NA,NA,NA,NA,NA,NA,NA,NA,NA,NA,NA,NA,NA,NA,NA,NA,NA,NA,NA,NA,NA,NA,NA,NA,NA,NA,NA,NA,NA,NA,NA,NA,NA,NA
Multipeniata (Multipeniata) californica,2039,Multipeniata californica,NA,turbellarian,NA,NA,"Hopkins Marine Station, Pacific Grove, CA",adult,NA,N,present,Light & Smith,all,gravel under algae,solitary,mobile,NA,unknown,generalist,NA,NA,NA,NA,NA,NA,NA,single record?,Taxonomic,Species,NA,NA,NA,NA,NA,NA,NA,NA,NA,NA,NA,NA,NA,NA,NA,NA,NA,NA,NA,NA,NA,NA,NA,NA,NA,NA,NA,NA,NA,NA,NA,NA,NA,NA,NA,NA,NA,NA,NA,NA
in WORMS twice,1619,Naineris dendritica,NA,polychaete,NA,NA,Columbia River to Point Conception,adult,NA,N,common,Light & Smith,all,"rocky intertidal areas; found in algal holdfasts, bryozoan masses, and debris under and between rocks;",solitary,mobile,NA,deposit feeder,generalist,NA,NA,NA,NA,NA,NA,NA,NA,Taxonomic,Species,NA,NA,NA,NA,NA,NA,NA,NA,NA,NA,NA,NA,NA,NA,NA,NA,NA,NA,NA,NA,NA,NA,NA,NA,NA,NA,NA,NA,NA,NA,NA,NA,NA,NA,NA,NA,NA,NA,NA,NA
in WORMS twice,1724,Nemertopsis gracilis,NA,nemertean,ribbon worm,NA,Washington to Mexico.,adult,NA,Both,present,Light & Smith,all,"among algae and other surface cover on rocks and pilings exposed to surf, also in rocky cracks and under rocks in muddy situations, usually in low intertidal, although Roe found specimens associated with the high-intertidal ""Pantinonemertes"" californiensis at Elkhorn Slough",solitary,mobile,Lasaea adansoni,micropredator,generalist,NA,NA,NA,NA,NA,NA,NA,NA,Taxonomic,Species,NA,NA,NA,NA,NA,NA,NA,NA,NA,NA,NA,NA,NA,NA,NA,NA,NA,NA,NA,NA,NA,NA,NA,NA,NA,NA,NA,NA,NA,NA,NA,NA,NA,NA,NA,NA,NA,NA,NA,NA
not in WORMS,1480,Neochthebius vandykei,NA,insect,NA,NA,NA,adult,NA,NA,common,Light & Smith,high,in crevices and the high-intertidal zone on rocky shores,solitary,mobile,detritus,detritivore,generalist,NA,NA,NA,NA,NA,NA,NA,NA,Taxonomic,Species,NA,NA,NA,NA,NA,NA,NA,NA,NA,NA,NA,NA,NA,NA,NA,NA,NA,NA,NA,NA,NA,NA,NA,NA,NA,NA,NA,NA,NA,NA,NA,NA,NA,NA,NA,NA,NA,NA,NA,NA
not in WORMS,1481,Neochthebius vandykei,NA,insect,NA,NA,NA,larvae,NA,NA,common,Light & Smith,high,in crevices and the high-intertidal zone on rocky shores,solitary,mobile,other hydraenid larvae,carnivore (scavenger + predator),generalist,NA,NA,NA,NA,NA,NA,NA,NA,Taxonomic,Life Stage,NA,NA,NA,NA,NA,NA,NA,NA,NA,NA,NA,NA,NA,NA,NA,NA,NA,NA,NA,NA,NA,NA,NA,NA,NA,NA,NA,NA,NA,NA,NA,NA,NA,NA,NA,NA,NA,NA,NA,NA
Neotrypaea biffari,520,Neotrypaea biffariÂ ,Callianassa affinis,ghost shrimp,beach ghost shrimp,NA,NA,adult,NA,S,unclear,"Morris, Abbott, & Haderlie",middle,sandy gravel between and beneath boulders,solitary,mobile,NA,scavenger,NA,NA,NA,NA,NA,NA,NA,NA,NA,Taxonomic,Species,2,fix,NA,NA,NA,NA,NA,NA,NA,NA,NA,NA,NA,NA,NA,NA,NA,NA,NA,NA,NA,NA,NA,NA,NA,NA,NA,NA,NA,NA,NA,NA,NA,NA,NA,NA,NA,NA,NA,NA
in WORMS twice,125,Nipponnemertes bimaculata,Amphiporus bimaculatus,nemertean,ribbon worm,NA,Alaska to Mexico,adult,NA,Both,common,"Morris, Abbott, & Haderlie; Light & Smith",low,"on and in rock crevices and pilings, among algae and other surface cover, also under rocks",solitary,mobile,NA,unknown,NA,NA,NA,NA,NA,NA,NA,NA,NA,Taxonomic,Species,NA,NA,NA,NA,NA,NA,NA,NA,NA,NA,NA,NA,NA,NA,NA,NA,NA,NA,NA,NA,NA,NA,NA,NA,NA,NA,NA,NA,NA,NA,NA,NA,NA,NA,NA,NA,NA,NA,NA,NA
not in WORMS,1470,Nocticanace arnaudi,NA,insect,shore fly,NA,NA,adult,NA,Both,present,Light & Smith,all,tide-covered rocks that are clothed with Ulva,solitary,mobile,NA,unknown,generalist,NA,NA,NA,NA,NA,NA,NA,NA,Taxonomic,Species,NA,NA,NA,NA,NA,NA,NA,NA,NA,NA,NA,NA,NA,NA,NA,NA,NA,NA,NA,NA,NA,NA,NA,NA,NA,NA,NA,NA,NA,NA,NA,NA,NA,NA,NA,NA,NA,NA,NA,NA
WORMS doesn't recognize,1845,Nucella analoga analoga,N. canaliculata,snail,NA,NA,Columbia River to Point Conception,adult,NA,N,common,Light & Smith,all,living exposed among mussels on which it feeds,solitary,mobile,mussels,typical predator,generalist,NA,NA,NA,NA,NA,NA,NA,WORMS doesn't recognize,Taxonomic,Species,NA,NA,NA,NA,NA,NA,NA,NA,NA,NA,NA,NA,NA,NA,NA,NA,NA,NA,NA,NA,NA,NA,NA,NA,NA,NA,NA,NA,NA,NA,NA,NA,NA,NA,NA,NA,NA,NA,NA,NA
WORMS doesn't recognize,1846,Nucella analoga compressa,NA,snail,NA,NA,Columbia River to Point Conception,adult,NA,N,uncommon,Light & Smith,middle,"occurs sparsely in the exposed mussel zone in Monterey County, south of Pacific Grove",solitary,mobile,NA,typical predator,generalist,NA,NA,NA,NA,NA,NA,NA,WORMS doesn't recognize,Taxonomic,Species,NA,NA,NA,NA,NA,NA,NA,NA,NA,NA,NA,NA,NA,NA,NA,NA,NA,NA,NA,NA,NA,NA,NA,NA,NA,NA,NA,NA,NA,NA,NA,NA,NA,NA,NA,NA,NA,NA,NA,NA
not in WORMS,1471,Oedoparena glauca,NA,insect,fly,NA,NA,larvae,NA,NA,present,Light & Smith,all,predator during its larval stages on the barnacle Balanusglandula and species of Chthamalus.,solitary,mobile,NA,parasite,generalist,NA,NA,NA,NA,NA,Balanus and Cthamalus adults,NA,NA,Taxonomic,Life Stage,NA,NA,NA,NA,NA,NA,NA,NA,NA,NA,NA,NA,NA,NA,NA,NA,NA,NA,NA,NA,NA,NA,NA,NA,NA,NA,NA,NA,NA,NA,NA,NA,NA,NA,NA,NA,NA,NA,NA,NA
not in WORMS,1472,Oedoparena glauca,NA,insect,fly,NA,NA,adult,NA,NA,present,Light & Smith,all,Endocladia-Balanus association,solitary,mobile,diatoms,grazer,generalist,NA,NA,NA,NA,NA,NA,NA,NA,Taxonomic,Species,NA,NA,NA,NA,NA,NA,NA,NA,NA,NA,NA,NA,NA,NA,NA,NA,NA,NA,NA,NA,NA,NA,NA,NA,NA,NA,NA,NA,NA,NA,NA,NA,NA,NA,NA,NA,NA,NA,NA,NA
in WORMS twice,77,Ophlitaspongia pennata,NA,sponge,NA,NA,NA,adult,NA,Both,NA,"Morris, Abbott, & Haderlie",NA,NA,NA,sessile,NA,filter feeder,generalist,"Rostanga pulchra, Aldisa sanguinea, Hypselodoris sp.",NA,NA,NA,NA,NA,NA,NA,Taxonomic,Species,3,fix,NA,NA,NA,NA,NA,NA,NA,NA,NA,NA,NA,NA,NA,NA,NA,NA,NA,NA,NA,NA,NA,NA,NA,NA,NA,NA,NA,NA,NA,NA,NA,NA,NA,NA,NA,NA,NA,NA
not in WORMS,582,Orchitophyra stellarum,NA,ciliate,NA,NA,NA,NA,NA,Both,common,NA,low to high,on asteroids,aggregating,mobile,asteroids,parasite,facultative generalist,NA,NA,NA,NA,NA,NA,NA,NA,Taxonomic,Species,5,NA,NA,NA,NA,NA,all,NA,NA,NA,NA,NA,NA,NA,NA,NA,NA,NA,NA,NA,NA,NA,NA,NA,NA,NA,NA,NA,NA,NA,NA,NA,NA,NA,NA,NA,NA,NA,NA,NA
in WORMS twice,536,Pachycheles holosericus,NA,porcelain crab,porcelain crab,NA,NA,adult,NA,S,fairly common,"Morris, Abbott, & Haderlie; Light & Smith",very low,"under stones, sponge cavities, kelp holdfasts",solitary,mobile,NA,filter feeder,NA,NA,sponges,NA,NA,NA,NA,NA,NA,Taxonomic,Species,NA,fix,NA,NA,NA,NA,NA,NA,NA,NA,NA,NA,NA,NA,NA,NA,NA,NA,NA,NA,NA,NA,NA,NA,NA,NA,NA,NA,NA,NA,NA,NA,NA,NA,NA,NA,NA,NA,NA,NA
in WORMS twice,535,Pachycheles rudis,NA,porcelain crab,thick clawed porcelain crab,NA,NA,adult,NA,Both,common,"Morris, Abbott, & Haderlie; Light & Smith",low,"under stones, in holdfasts, beneath eelgrass root mats, sponge cavities, empty pholad burrows, mussel beds",paired,mobile,"detritus, plankton",filter feeder,generalist,NA,NA,NA,Aporobopyrus muguensis,NA,NA,NA,NA,Taxonomic,Species,NA,NA,NA,NA,NA,NA,NA,NA,NA,NA,NA,NA,NA,NA,NA,NA,NA,NA,NA,NA,NA,NA,NA,NA,NA,NA,NA,NA,NA,NA,NA,NA,NA,NA,NA,NA,NA,NA,NA,NA
,1837,Paciocinebrina aspera,Ocinebrina aspera,snail,NA,NA,Columbia River to Point Conception,adult,NA,N,present,Light & Smith,all,NA,solitary,mobile,NA,typical predator,generalist,NA,NA,NA,NA,NA,NA,NA,NA,Taxonomic,Species,NA,NA,NA,NA,NA,NA,NA,NA,NA,NA,NA,NA,NA,NA,NA,NA,NA,NA,NA,NA,NA,NA,NA,NA,NA,NA,NA,NA,NA,NA,NA,NA,NA,NA,NA,NA,NA,NA,NA,NA
,1838,Paciocinebrina aspera,Ocinebrina aspera,snail,NA,NA,Columbia River to Point Conception,eggs,NA,N,present,Light & Smith,all,NA,solitary,mobile,NA,non-feeding life stage,generalist,NA,NA,NA,NA,NA,NA,NA,NA,Taxonomic,Species,NA,NA,NA,NA,NA,NA,NA,NA,NA,NA,NA,NA,NA,NA,NA,NA,NA,NA,NA,NA,NA,NA,NA,NA,NA,NA,NA,NA,NA,NA,NA,NA,NA,NA,NA,NA,NA,NA,NA,NA
,1844,Paciocinebrina subangulata,Ocenebrina,snail,NA,NA,Columbia River to Point Conception,adult,NA,N,unclear,Light & Smith,all,NA,solitary,mobile,NA,typical predator,generalist,NA,NA,NA,NA,NA,NA,NA,NA,Taxonomic,Species,NA,NA,NA,NA,NA,NA,NA,NA,NA,NA,NA,NA,NA,NA,NA,NA,NA,NA,NA,NA,NA,NA,NA,NA,NA,NA,NA,NA,NA,NA,NA,NA,NA,NA,NA,NA,NA,NA,NA,NA
no idea what's wrong with this one,1608,Palola paloloides,NA,polychaete,NA,NA,Southern California,adult,NA,S,present,Light & Smith,all,shallow rocky habitats,solitary,mobile,NA,unknown,generalist,NA,NA,NA,NA,NA,NA,NA,NA,Taxonomic,Species,NA,NA,NA,NA,NA,NA,NA,NA,NA,NA,NA,NA,NA,NA,NA,NA,NA,NA,NA,NA,NA,NA,NA,NA,NA,NA,NA,NA,NA,NA,NA,NA,NA,NA,NA,NA,NA,NA,NA,NA
not in WORMS,580,Paraphrosylus praedator,Aphrosylus praedator,insect,long legged fly,NA,NA,adult,NA,N,present,"Morris, Abbott, & Haderlie; Light & Smith",high to middle,on algae,solitary,mobile,"""larval and adult chironimid flies, other small insect, small crustaceas"", Smittia sp.",typical predator,generalist,NA,NA,NA,NA,NA,NA,NA,NA,Taxonomic,Species,2,NA,NA,NA,NA,NA,high,NA,NA,NA,NA,NA,NA,NA,NA,NA,NA,NA,NA,NA,NA,NA,NA,NA,NA,NA,NA,NA,NA,NA,NA,NA,NA,NA,NA,NA,NA,NA,NA,NA
no idea what's wrong with this one,993,Parapinnixa affinis,NA,true crab,NA,NA,NA,adult,NA,S,rare,Light & Smith,low,in tubeworms,solitary,mobile,NA,NA,NA,NA,"Terebella californica, Loimia",NA,NA,NA,NA,NA,NA,Taxonomic,Species,NA,NA,NA,NA,NA,23:43.9,NA,NA,NA,NA,NA,NA,NA,NA,NA,NA,NA,NA,NA,NA,NA,NA,NA,NA,NA,NA,NA,NA,NA,NA,NA,NA,NA,NA,NA,NA,NA,NA,NA,NA
in WORMS twice,2054,Parviplana californica,NA,turbellarian,NA,NA,Oregon to California,adult,NA,N,present,Light & Smith,all,Rocky intertidal among sponges and bryozoans.,solitary,mobile,NA,unknown,generalist,NA,NA,NA,NA,NA,NA,NA,NA,Taxonomic,Species,NA,NA,NA,NA,NA,NA,NA,NA,NA,NA,NA,NA,NA,NA,NA,NA,NA,NA,NA,NA,NA,NA,NA,NA,NA,NA,NA,NA,NA,NA,NA,NA,NA,NA,NA,NA,NA,NA,NA,NA
no idea what's wrong with this one,439,Pectinaria californiensis,NA,polychaete,terebellid tubeworm,NA,NA,adult,NA,NA,present,"Morris, Abbott, & Haderlie",very low,solitary tube of sand grains projecting from subtratum,solitary,sessile,detritus,filter feeder,generalist,NA,"Pinnixia sp., Halosydna brevisetosa, Lepidasthenia sp.",NA,NA,NA,NA,NA,NA,Taxonomic,Species,4,fix,NA,NA,NA,NA,NA,NA,NA,NA,NA,NA,NA,NA,NA,NA,NA,NA,NA,NA,NA,NA,NA,NA,NA,NA,NA,NA,NA,NA,NA,NA,NA,NA,NA,NA,NA,NA,NA,NA
in WORMS twice,528,Petrolisthes rathbunae,NA,porcelain crab,porcelain crab,NA,NA,adult,NA,Both,present,"Morris, Abbott, & Haderlie",low,under stones,solitary,mobile,NA,filter feeder,NA,NA,NA,NA,NA,NA,NA,NA,NA,Taxonomic,Species,NA,fix,NA,NA,NA,NA,NA,NA,NA,NA,NA,NA,NA,NA,NA,NA,NA,NA,NA,NA,NA,NA,NA,NA,NA,NA,NA,NA,NA,NA,NA,NA,NA,NA,NA,NA,NA,NA,NA,NA
in WORMS twice,1287,Photis californica,NA,gammarid,NA,NA,NA,adult,6,NA,present,Light & Smith,low,Among Phyllospadix and on open coast rocky shores;,solitary,mobile,NA,filter feeder,generalist,NA,NA,NA,NA,NA,NA,NA,NA,Taxonomic,Species,NA,NA,NA,NA,NA,NA,NA,NA,NA,NA,NA,NA,NA,NA,NA,NA,NA,NA,NA,NA,NA,NA,NA,NA,NA,NA,NA,NA,NA,NA,NA,NA,NA,NA,NA,NA,NA,NA,NA,NA
not in WORMS,1530,Phyconomus marinus,NA,insect,NA,NA,California,adult,NA,NA,unclear,Light & Smith,high,Under algae and driftwood,solitary,mobile,fungus,grazer,generalist,NA,NA,NA,NA,NA,NA,NA,NA,Taxonomic,Species,NA,NA,NA,NA,NA,NA,NA,NA,NA,NA,NA,NA,NA,NA,NA,NA,NA,NA,NA,NA,NA,NA,NA,NA,NA,NA,NA,NA,NA,NA,NA,NA,NA,NA,NA,NA,NA,NA,NA,NA
in WORMS twice,1560,Phyllodoce groenlandica,NA,polychaete,NA,NA,Arctic-boreal,adult,NA,N,unclear,Light & Smith,all,NA,solitary,mobile,NA,unknown,generalist,NA,NA,NA,NA,NA,NA,NA,NA,Taxonomic,Species,NA,NA,NA,NA,NA,NA,NA,NA,NA,NA,NA,NA,NA,NA,NA,NA,NA,NA,NA,NA,NA,NA,NA,NA,NA,NA,NA,NA,NA,NA,NA,NA,NA,NA,NA,NA,NA,NA,NA,NA
Placida dendritica,305,Placida dendritica?,NA,NA,NA,NA,NA,NA,NA,NA,NA,NA,NA,NA,NA,mobile,NA,NA,NA,NA,NA,NA,NA,NA,NA,NA,NA,NA,NA,NA,NA,NA,NA,NA,NA,NA,NA,NA,NA,NA,NA,NA,NA,NA,NA,NA,NA,NA,NA,NA,NA,NA,NA,NA,NA,NA,NA,NA,NA,NA,NA,NA,NA,NA,NA,NA,NA,NA,NA
no idea what's wrong with this one,1636,Polydora bioccipitalis,NA,polychaete,NA,NA,"southern California, Chile.",adult,NA,S,present,Light & Smith,all,in hermit crab shells,solitary,mobile,NA,unknown,generalist,NA,in hermit crab shells,NA,NA,NA,NA,NA,NA,Taxonomic,Species,NA,NA,NA,NA,NA,NA,NA,NA,NA,NA,NA,NA,NA,NA,NA,NA,NA,NA,NA,NA,NA,NA,NA,NA,NA,NA,NA,NA,NA,NA,NA,NA,NA,NA,NA,NA,NA,NA,NA,NA
no idea what's wrong with this one,1639,Polydora pygidialis,NA,polychaete,NA,NA,Columbia River to Point Conception,adult,NA,N,present,Light & Smith,all,borer in mollusk shells and ectoprocts,solitary,mobile,NA,unknown,generalist,NA,borer in mollusk shells and ectoprocts,NA,NA,NA,NA,NA,NA,Taxonomic,Species,NA,NA,NA,NA,NA,NA,NA,NA,NA,NA,NA,NA,NA,NA,NA,NA,NA,NA,NA,NA,NA,NA,NA,NA,NA,NA,NA,NA,NA,NA,NA,NA,NA,NA,NA,NA,NA,NA,NA,NA
no idea what's wrong with this one,443,Pseudopotamilla occelata,NA,polychaete,feather duster worm,NA,Columbia River to Point Conception,adult,NA,Both,present,"Morris, Abbott, & Haderlie; Light & Smith",low,"tough membranous tube in dense clusters; Rocky habitats, open coast",aggregating,sessile,NA,filter feeder,generalist,NA,"occasionally with small, commensal, two-tentacled hydroid Proboscidactyla on rims.",Proboscidactyla circumsabella,NA,NA,NA,NA,NA,Taxonomic,Species,NA,NA,NA,NA,NA,NA,NA,NA,NA,NA,NA,NA,NA,NA,NA,NA,NA,NA,NA,NA,NA,NA,NA,NA,NA,NA,NA,NA,NA,NA,NA,NA,NA,NA,NA,NA,NA,NA,NA,NA
no idea what's wrong with this one,1029,Radimella aurita,NA,ostracod,NA,zooplankton,"Santa Cruz, CA to Baja California",adult,NA,Both,NA,Light & Smith,all,"On calcareous algae in tide pool and on holdfasts of Macrocystis, outside Hopkins Marine Station on Monterey Bay, near Pacific Grove; also on kelp near shore and on eelgrass in Carmel Bay",aggregating,mobile,NA,filter feeder,generalist,NA,NA,NA,NA,NA,NA,NA,NA,Taxonomic,Species,NA,NA,NA,NA,NA,NA,NA,NA,NA,NA,NA,NA,NA,NA,NA,NA,NA,NA,NA,NA,NA,NA,NA,NA,NA,NA,NA,NA,NA,NA,NA,NA,NA,NA,NA,NA,NA,NA,NA,NA
as is,1461,Rhombognathus spp.,NA,mite,NA,NA,NA,adult,0.18-2,NA,unclear,Light & Smith,all,NA,solitary,mobile,NA,typical predator,generalist,NA,NA,NA,NA,NA,NA,NA,NA,Taxonomic,Species,NA,NA,NA,NA,NA,NA,NA,NA,NA,NA,NA,NA,NA,NA,NA,NA,NA,NA,NA,NA,NA,NA,NA,NA,NA,NA,NA,NA,NA,NA,NA,NA,NA,NA,NA,NA,NA,NA,NA,NA
in WORMS twice,1620,Scoloplos acmeceps,NA,polychaete,NA,NA,Columbia River to Point Conception,adult,NA,N,unclear,Light & Smith,all,"In mud, algal holdfasts, roots of Zostera",solitary,mobile,NA,deposit feeder,generalist,NA,NA,NA,NA,NA,NA,NA,NA,Taxonomic,Species,NA,NA,NA,NA,NA,NA,NA,NA,NA,NA,NA,NA,NA,NA,NA,NA,NA,NA,NA,NA,NA,NA,NA,NA,NA,NA,NA,NA,NA,NA,NA,NA,NA,NA,NA,NA,NA,NA,NA,NA
in WORMS twice,2097,Scorpaenichthys marmoratus,NA,fish,NA,NA,NA,adult,NA,N,present,MARINe Rocky Intertidal Ecosystems California North Coast MPA Baseline Study,NA,NA,NA,NA,NA,NA,NA,NA,NA,NA,NA,NA,NA,NA,NA,Taxonomic,Species,NA,NA,LM,NA,NA,NA,NA,NA,NA,NA,NA,NA,NA,NA,NA,NA,NA,NA,NA,NA,NA,NA,NA,NA,NA,NA,NA,NA,NA,NA,NA,NA,NA,NA,NA,NA,NA,NA,NA,NA
Scrupocellaria californica,824,Scrupocellaria califomica,NA,bryozoan,NA,NA,"eported from British Columbia, common in central California, Baja California",adult,2 - 200,Both,present,Light & Smith,low,NA,colonial,sessile,NA,filter feeder,generalist,NA,NA,NA,NA,NA,NA,NA,NA,Taxonomic,Species,NA,NA,NA,NA,NA,NA,NA,NA,NA,NA,NA,NA,NA,NA,NA,NA,NA,NA,NA,NA,NA,NA,NA,NA,NA,NA,NA,NA,NA,NA,NA,NA,NA,NA,NA,NA,NA,NA,NA,NA
not in WORMS,576,Spirembolus mundus,NA,other arthropod,spider,adult,NA,adult,NA,Both,common,"Morris, Abbott, & Haderlie; Light & Smith",high,"on rocks, among Enteromorpha; high intertidal shore on rock surfaces on the green algae Ulva and under debris on sand (it also occurs in inland situations and along freshwater creeks)",solitary,mobile,NA,typical predator,NA,NA,NA,NA,NA,NA,NA,NA,NA,Taxonomic,Species,2,NA,NA,NA,NA,NA,NA,NA,NA,NA,NA,NA,NA,NA,NA,NA,NA,NA,NA,NA,NA,NA,NA,NA,NA,NA,NA,NA,NA,NA,NA,NA,NA,NA,NA,NA,NA,NA,NA,NA
in WORMS twice,1577,Syllis elongata,NA,polychaete,NA,NA,Columbia River to Point Conception,adult,NA,N,common,Light & Smith,all,Common among algal holdfasts on rocky shores,solitary,mobile,NA,unknown,generalist,NA,NA,NA,NA,NA,NA,NA,NA,Taxonomic,Species,NA,NA,NA,NA,NA,NA,NA,NA,NA,NA,NA,NA,NA,NA,NA,NA,NA,NA,NA,NA,NA,NA,NA,NA,NA,NA,NA,NA,NA,NA,NA,NA,NA,NA,NA,NA,NA,NA,NA,NA
in WORMS twice,1578,Syllis gracilis,NA,polychaete,NA,NA,Columbia River to Point Conception,adult,NA,N,present,Light & Smith,all,With algal holdfasts and in crevices in rocky habitats,solitary,mobile,NA,unknown,generalist,NA,NA,NA,NA,NA,NA,NA,NA,Taxonomic,Species,NA,NA,NA,NA,NA,NA,NA,NA,NA,NA,NA,NA,NA,NA,NA,NA,NA,NA,NA,NA,NA,NA,NA,NA,NA,NA,NA,NA,NA,NA,NA,NA,NA,NA,NA,NA,NA,NA,NA,NA
in WORMS twice,960,Symplectoscyphus erectus,"Sertularella erecta, Amphisbetia",hydroid,NA,NA,southern California to the tropics,hydroid colony,10,S,present,Light & Smith,all,NA,colonial,sessile,NA,filter feeder,generalist,NA,NA,NA,NA,NA,NA,NA,NA,Taxonomic,Species,NA,NA,NA,NA,NA,NA,NA,NA,NA,NA,NA,NA,NA,NA,NA,NA,NA,NA,NA,NA,NA,NA,NA,NA,NA,NA,NA,NA,NA,NA,NA,NA,NA,NA,NA,NA,NA,NA,NA,NA
in WORMS twice,1435,Tanystylum intermedium,NA,sea spider,NA,NA,Monterey Bay to Chile and the Galapagos,adult,NA,Both,unclear,Light & Smith,all,"in shallow depths,??",solitary,mobile,NA,typical predator,generalist,NA,NA,NA,NA,NA,NA,NA,NA,Taxonomic,Species,NA,NA,NA,NA,NA,NA,NA,NA,NA,NA,NA,NA,NA,NA,NA,NA,NA,NA,NA,NA,NA,NA,NA,NA,NA,NA,NA,NA,NA,NA,NA,NA,NA,NA,NA,NA,NA,NA,NA,NA
Tegula eiseni,240,Tegula eiseni?,Cholorostoma,NA,NA,NA,NA,adult,NA,NA,NA,NA,NA,NA,solitary,mobile,NA,grazer,generalist,NA,NA,NA,NA,NA,NA,NA,NA,Taxonomic,Species,2,fix,NA,NA,NA,NA,NA,NA,NA,NA,NA,NA,NA,NA,NA,NA,NA,NA,NA,NA,NA,NA,NA,NA,NA,NA,NA,NA,NA,NA,NA,NA,NA,NA,NA,NA,NA,NA,NA,NA
not in WORMS,1532,Thalasselephas testaceus,NA,insect,NA,NA,NA,adult,NA,NA,present,Light & Smith,high,rocky shores,aggregating,mobile,detritus,detritivore,generalist,NA,NA,NA,NA,NA,NA,NA,NA,Taxonomic,Species,NA,NA,NA,NA,NA,NA,NA,NA,NA,NA,NA,NA,NA,NA,NA,NA,NA,NA,NA,NA,NA,NA,NA,NA,NA,NA,NA,NA,NA,NA,NA,NA,NA,NA,NA,NA,NA,NA,NA,NA
not in WORMS,1533,Thalasselephas testaceus,NA,insect,NA,NA,NA,larvae,NA,NA,present,Light & Smith,high,rocky shores,solitary,mobile,NA,unknown,generalist,NA,NA,NA,NA,NA,NA,NA,NA,Taxonomic,Species,NA,NA,NA,NA,NA,NA,NA,NA,NA,NA,NA,NA,NA,NA,NA,NA,NA,NA,NA,NA,NA,NA,NA,NA,NA,NA,NA,NA,NA,NA,NA,NA,NA,NA,NA,NA,NA,NA,NA,NA
not in WORMS,1477,Thalassotrechus nigripennis,NA,insect,NA,NA,NA,adult,NA,NA,rare,Light & Smith,all,"exist throughout the intertidal zone, persisting in trapped air pockets at high tide and crawling about at low tide; in rock crevices",solitary,mobile,NA,detritivore,generalist,NA,NA,NA,NA,NA,NA,NA,NA,Taxonomic,Species,NA,NA,NA,NA,NA,NA,NA,NA,NA,NA,NA,NA,NA,NA,NA,NA,NA,NA,NA,NA,NA,NA,NA,NA,NA,NA,NA,NA,NA,NA,NA,NA,NA,NA,NA,NA,NA,NA,NA,NA
Thordisa bimaculata,321,Thordisia bimaculata,NA,nudibranch,NA,NA,Central California to Mexico,adult,NA,Both,NA,Light & Smith,NA,NA,solitary,mobile,NA,NA,NA,NA,NA,NA,NA,NA,NA,NA,NA,Taxonomic,Species,NA,NA,NA,NA,NA,NA,NA,NA,NA,NA,NA,NA,NA,NA,NA,NA,NA,NA,NA,NA,NA,NA,NA,NA,NA,NA,NA,NA,NA,NA,NA,NA,NA,NA,NA,NA,NA,NA,NA,NA
Tisbe furcata,1116,Tisbe furcata furcata,NA,copepod,NA,zooplankton,cosmopolitan,adult,NA,Both,present,Light & Smith,all,"Eelgrass, detrital, and microalgal habitats.",aggregating,mobile,NA,filter feeder,generalist,juvenile salmon and other small fish,NA,NA,NA,NA,NA,NA,NA,Taxonomic,Species,NA,NA,NA,NA,NA,NA,NA,NA,NA,NA,NA,NA,NA,NA,NA,NA,NA,NA,NA,NA,NA,NA,NA,NA,NA,NA,NA,NA,NA,NA,NA,NA,NA,NA,NA,NA,NA,NA,NA,NA
not in WORMS,1479,Trechus ovipennis,NA,insect,NA,NA,NA,adult,NA,NA,uncommon,Light & Smith,all,found in crevices and under loose stones. Adults are nocturnal and have predator/scavenger tendencies,solitary,mobile,NA,carnivore (scavenger + predator),generalist,NA,NA,NA,NA,NA,NA,NA,NA,Taxonomic,Species,NA,NA,NA,NA,NA,NA,NA,NA,NA,NA,NA,NA,NA,NA,NA,NA,NA,NA,NA,NA,NA,NA,NA,NA,NA,NA,NA,NA,NA,NA,NA,NA,NA,NA,NA,NA,NA,NA,NA,NA
genus in WORMS but not species,2000,Triceratonema microlobatum,NA,nematode,NA,NA,"Point Pinos, Pacific Grove",adult,NA,N,unclear,Light & Smith,all,From holdfasts of Egregia on intertidal rocks,solitary,mobile,NA,unknown,generalist,NA,NA,NA,NA,NA,NA,NA,single record?,Taxonomic,Species,NA,NA,NA,NA,NA,NA,NA,NA,NA,NA,NA,NA,NA,NA,NA,NA,NA,NA,NA,NA,NA,NA,NA,NA,NA,NA,NA,NA,NA,NA,NA,NA,NA,NA,NA,NA,NA,NA,NA,NA
not in WORMS,1464,Trichocorixa verticalis californica,NA,insect,water boatmen,NA,Humboldt Bay to San Francisco Bay,adult,NA,N,present,Light & Smith,all,tide pools with T. reticulata,solitary,mobile,NA,unknown,generalist,NA,NA,NA,NA,NA,NA,NA,NA,Taxonomic,Species,NA,NA,NA,NA,NA,NA,NA,NA,NA,NA,NA,NA,NA,NA,NA,NA,NA,NA,NA,NA,NA,NA,NA,NA,NA,NA,NA,NA,NA,NA,NA,NA,NA,NA,NA,NA,NA,NA,NA,NA
Trichophrya salparum,619,Trichophyra salparum,NA,ciliate,NA,NA,NA,NA,NA,NA,NA,Burreson 1973,NA,in tunicates,solitary,mobile,NA,unknown,NA,NA,tunicates (see above),NA,NA,NA,NA,NA,NA,Taxonomic,Species,2,NA,NA,NA,NA,NA,NA,NA,NA,NA,NA,NA,NA,NA,NA,NA,NA,NA,NA,NA,NA,NA,NA,NA,NA,NA,NA,NA,NA,NA,NA,NA,NA,NA,NA,NA,NA,NA,NA,NA
not in WORMS,1867,Turbonilla victoriana,NA,snail,NA,NA,Columbia River to Point Conception,adult,NA,N,unclear,Light & Smith,all,"In gravel samples, tide pools; ectoparasitic on invertebrate hosts, in general",solitary,mobile,NA,parasite,generalist,NA,NA,NA,NA,NA,NA,NA,NA,Taxonomic,Species,NA,NA,NA,NA,NA,NA,NA,NA,NA,NA,NA,NA,NA,NA,NA,NA,NA,NA,NA,NA,NA,NA,NA,NA,NA,NA,NA,NA,NA,NA,NA,NA,NA,NA,NA,NA,NA,NA,NA,NA
no idea what's wrong with this one,1588,Typosyllis pulchra,NA,polychaete,NA,NA,Columbia River to Point Conception,adult,NA,N,present,Light & Smith,all,Among mussel and algal holdfasts,solitary,mobile,NA,unknown,generalist,NA,NA,NA,NA,NA,NA,NA,NA,Taxonomic,Species,NA,NA,NA,NA,NA,NA,NA,NA,NA,NA,NA,NA,NA,NA,NA,NA,NA,NA,NA,NA,NA,NA,NA,NA,NA,NA,NA,NA,NA,NA,NA,NA,NA,NA,NA,NA,NA,NA,NA,NA
no idea what's wrong with this one,1070,Zaus spinatus hopkinsi,NA,copepod,NA,zooplankton,NA,adult,NA,NA,present,Light & Smith,all,"Eelgrass, algae, and rock habitats from upper intertidal",aggregating,mobile,NA,filter feeder,generalist,NA,NA,NA,NA,NA,NA,NA,NA,Taxonomic,Subspecies,NA,NA,NA,NA,NA,NA,NA,NA,NA,NA,NA,NA,NA,NA,NA,NA,NA,NA,NA,NA,NA,NA,NA,NA,NA,NA,NA,NA,NA,NA,NA,NA,NA,NA,NA,NA,NA,NA,NA,NA